{"Result" :
[
    { "ss_comb_id": 1, "generic_name":"INFLIXIMAB", "brand_name":"REMICADE", "strength":"100MG", "dosage_form":"SOLR", "route_of_administration":"INTRAVENOUS" , "rx_otc_ind":"R" , "calc_price":"y", "billable_unit":1 ,"modified_date": "25/Sep/2017", "modified_by":"user 1", "is_active" : true,"generic_name_status":1, "brand_name_status":0, "strength_status":0, "dosage_form_status":0, "route_of_administration_status":0 , "rx_otc_ind_status":0 , "calc_price_status":0, "billable_unit_status":1 },
    { "ss_comb_id": 2, "generic_name":"crocin", "brand_name":"brand", "strength":"120MG", "dosage_form":"dose", "route_of_administration":"INTRAVENOUS" , "rx_otc_ind":"o" , "calc_price":"N", "billable_unit":2 ,"modified_date": "26/Sep/2017", "modified_by":"user 2", "is_active" : false , "generic_name_status":0, "brand_name_status":0, "strength_status":0, "dosage_form_status":0, "route_of_administration_status":0 , "rx_otc_ind_status":0 , "calc_price_status":1, "billable_unit_status":0}
],
"Rule_Failure":[
    { "id" : 1, "attribute_name": "generic_name","attribute_status" : 1, "description" : "generic name changed"},
    { "id" : 2, "attribute_name": "strength", "attribute_status" : 2, "description" : "strength changed"}
]
}



