[
{
	"UserId" : 1,
	"IsRouted" : 1,
    "ImpactedElement": "00069-3030-20",
    "WorkQueueType":"Initial Review",
    "RuleFailure": "NDC",
    "AttributeFailed": "status",
    "Status": "assigned",
    "DateAdded": "08/02/2017"
},
{
	"UserId" : 2,
	"IsRouted" : 0,
    "ImpactedElement": "J1745",
    "WorkQueueType":"Second Review",
    "RuleFailure": "HCPC",
    "AttributeFailed": "price",
    "Status": "assigned",
    "DateAdded": "07/29/2017"
},
{
	"UserId" : null,
	"IsRouted" : 1,
    "ImpactedElement": "00069-4015-10",
    "WorkQueueType":"Initial Review",
    "RuleFailure": "NDC",
    "AttributeFailed": "price",
    "Status": "active",
    "DateAdded": "08/04/2017"
},
{
	"UserId" : 4,
	"IsRouted" : 1,
    "ImpactedElement": "J9000",
    "WorkQueueType":"Initial Review",
    "RuleFailure": "HCPC",
    "AttributeFailed": "status",
    "Status": "assigned",
    "DateAdded": "04/26/2017"
},
{
	"UserId" : 5,
	"IsRouted" : 0,
    "ImpactedElement": "J1741",
    "WorkQueueType":"Second Review",
    "RuleFailure": "HCPC",
    "AttributeFailed": "status",
    "Status": "active",
    "DateAdded": "08/11/2017"
}
]