{"Result" :
[
    { "hcpc_ndc_map_id": 1, "ndc":1, "strength":"100MG", "dosage_form":"SOLR", "route_of_administration":"INTRAVENOUS" , "rx_otc_ind":"R" , "package_size":"1" ,"package_size_umo":"EA", "package_quantity":1, "br_generic_indicator":"NT","repackager_ind":"N" ,"sd_md":"s", 
"inner_outer_package_indicator":"I", "ndc_status":"a" ,"calc_price":"y", "billable_unit":1 ,"awp":"1" , "wac":"4"},

    { "hcpc_ndc_map_id": 2, "ndc":2, "strength":"150MG", "dosage_form":"SOLR", "route_of_administration":"INTRAVENOUS" , "rx_otc_ind":"o" , "package_size":"1" ,"package_size_umo":"EA", "package_quantity":1, "br_generic_indicator":"NT","repackager_ind":"N" ,"sd_md":"s", 
"inner_outer_package_indicator":"I", "ndc_status":"a" ,"calc_price":"y", "billable_unit":1 ,"awp":"1" , "wac":"4"}
]
}