{
      "Id": 0,
      "NDC": "",
      "NDC_Delimiter": "",
      "DataSource": {
        "MS": [{ "Id": 0,"Generic_Name": "", "Brand_Name": "", "Strenth": "", "RoA": "", "DF": "", "Rx_OTC_Ind": "", "AWPPrice": "", "WACPrice": "","Br_Generic_Indicator" : "","Package_Size": "","Package_Size_UoM": "", "Package_Description": "", "Package_Unit_Dose": "","Package_Quantity" : "", "Repackager_Ind":"Re pac", "SD_MD": "" ,"Tee_Code" : "","IO_Pkg_Ind" : "", "Manufacturer_Name" : "","CMS_Rebet" : "","Date":"","Reason" :""}],
        "FDB":[{ "Id": 0,"Generic_Name": "", "Brand_Name": "", "Strenth" : "", "RoA" : "", "DF" : "", "Rx_OTC_Ind" : "", "AWPPrice" : "", "WACPrice" : "","Br_Generic_Indicator" : "BG Ind2","Package_Size": "","Package_Size_UoM": "", "Package_Description": "", "Package_Unit_Dose": "","Package_Quantity" : "", "Repackager_Ind":"", "SD_MD": "" ,"Tee_Code" : "","IO_Pkg_Ind" : "", "Manufacturer_Name" : "","CMS_Rebet" : "","Date":"","Reason" :"" }],
        "GS": [{ "Id": 0,"Generic_Name": "", "Brand_Name": "", "Strenth" : "", "RoA" : "", "DF" : "", "Rx_OTC_Ind" : "", "AWPPrice" : "", "WACPrice" : "","Br_Generic_Indicator" : "","Package_Size": "", "Package_Size_UoM": "","Package_Description": "", "Package_Unit_Dose": "","Package_Quantity" : "", "Repackager_Ind":"", "SD_MD": "" ,"Tee_Code" : "","IO_Pkg_Ind" : "", "Manufacturer_Name" : "","CMS_Rebet" :"","Date":"","Reason" :"" }],
        "RJ": [{ "Id": 0,"Generic_Name": "", "Generic_NameStatus" : 0, "Brand_Name": "", "Brand_NameStatus" : "", "Strenth" : "", "StrenthStatus" : "", "RoA" : "", "RoAStatus" : "", "DF" : "", "DFStatus" : 0, "Rx_OTC_Ind" : "", "Rx_OTC_IndStatus" : "", "AWPPrice" : "", "AWPPriceStatus" : 0, "WACPrice" : "", "WACPriceStatus" : 0,"Br_Generic_Indicator" : "","Br_Generic_IndicatorStatus":0,"Package_Size": "","Package_SizeStatus":0, "Package_Size_UoM": "","Package_Size_UoMStatus":0, "Package_Description": "", "Package_DescriptionStatus": 2, "Package_Unit_Dose": "", "Package_Unit_DoseStatus":0, "Package_Quantity" : "","Package_QuantityStatus":0, "Repackager_Ind":"","Repackager_IndStatus":0, "SD_MD": "" ,"SD_MDStatus" : 0, "Tee_Code" : "","Tee_CodeStatus":0,"IO_Pkg_Ind" : "","IO_Pkg_IndStatus":0, "Manufacturer_Name" : "","Manufacturer_NameStatus":0, "CMS_Rebet" : 0,"CMS_RebetStatus" :0, "Date":"", "DateStatus":0, "Reason" :"","ReasonStatus":0 }] 
      },
      "RuleFailure": [{ "Id": 0, "Rule" : "", "Description" : "", "FailureId" : 0 }],
      "Prescribe": { "Link": "","Notes": "" },
      "PriceSpec": { "SpecificationId" : "", "Notes": "" },
      "FollowUp": { "followupDate": "" },
      "FurtherRouting": { "UserId": "", "WorkQueueId": "", "WorkQueueTypeId": "", "Notes": "" }
  }