{
    "bvsdDataList":
    [
        {
            "part_bvsd_id" : 1,
            "narratives_name" : "MABSDName1",
            "generic_name" : "70860-0105-20",
            "generic_name_status" : 0,
            "brand_name" : "brand name",
            "strength": "70860-0105-20",
            "dosage_form":"doageForm",
            "route_of_administration":"ROA",
            "rx_otc_ind":"R",
            "created_date": "08/20/2017",
            "created_by":"sudipta ghosh"
        },
        {
            "part_bvsd_id" : 2,
            "narratives_name" : "BSDName2",
            "generic_name" : "70860-0105-20",
            "generic_name_status" : 1,
            "brand_name" : "brand name",
            "strength": "70860-0105-20",
            "dosage_form":"doageForm",
            "route_of_administration":"ROA",
            "rx_otc_ind":"R",
            "created_date": "08/21/2017",
            "created_by":"Sayali Chaudhuri"
        },
        {
            "part_bvsd_id" : 3,
            "narratives_name" : "CBSDName3",
            "generic_name" : "70860-0105-20",
            "generic_name_status" : 2,
            "brand_name" : "brand name",
            "strength": "70860-0105-20",
            "dosage_form":"doageForm",
            "route_of_administration":"ROA",
            "rx_otc_ind":"O",
            "created_date": "08/22/2017",
            "created_by":"Kayal Kayal"
        }    
    ],

"ndcDetails":
[
    {
        "wt_id":1,
        "ndc":"NDC1",
        "package_description":"description1",
        "route_of_administration":"ROA1",
        "dosage_form":"doageForm1",
        "rx_otc_ind":"R",
        "inner_outer_package_indicator":"inr_ots_ind1",
        "repackager_ind":"re_ind1",
        "br_generic_indicator":"br_gn_ind1",
        "ndc_status":"ndc_stat1",
        "package_size":123   
                   
    },
    {
        "wt_id":2,
        "ndc":"NDC2",
        "package_description":"description2",
        "route_of_administration":"ROA2",
        "dosage_form":"doageForm2",
        "rx_otc_ind":"O",
        "inner_outer_package_indicator":"inr_ots_ind2",
        "repackager_ind":"re_ind2",
        "br_generic_indicator":"br_gn_ind2",
        "ndc_status":"ndc_stat2",
        "package_size":1234   
                   
    },
    {
        "wt_id":2,
        "ndc":"NDC3",
        "package_description":"description3",
        "route_of_administration":"ROA3",
        "dosage_form":"doageForm3",
        "rx_otc_ind":"R",
        "inner_outer_package_indicator":"inr_ots_ind3",
        "repackager_ind":"re_ind3",
        "br_generic_indicator":"br_gn_ind3",
        "ndc_status":"ndc_stat3",
        "package_size":12345       
    }    
]
}




















