[
{
      "Id": 1,
      "ndc": "00069-3030-20",
      "NDC_Delimiter": "Description of 00069-3030-20",
      "Review":1,
      "publishNote":"",
      "DataSource": {
        "MS": [{ "Id": 1,"generic_name": "Generic Name1", "brand_name": "Brand Name1", "strength": "strength1", "route_of_administration": "RoA1", "dosage_form": "DF1", "rx_otc_ind": "Rx1", "awp_price": 100, "wac_price": 101,"ndc_status":"A","ndc_status_date":"08/14/2017","br_generic_indicator" : "BG Ind1","package_size": "24","package_size_umo": ".25", "package_description": "P D", "package_unit_dose": "5","package_quantity" : 5, "repackager_ind":"Re pac", "sd_md": "DM Ind" ,"tee_code" : "Tee Code1","inner_outer_package_indicator" : "IO_Pkg_Ind1", "manufacturer_name" : "MfgName1","cms_rebate" : 4,"date":"08/14/2017","notes_reason" :"Reason1"},
        { "Id": 4,"generic_name": "Generic Name2", "brand_name": "Brand Name2", "strength": "strength2", "route_of_administration": "RoA2", "dosage_form": "DF2", "rx_otc_ind": "Rx2", "awp_price": 200, "wac_price": 201,"ndc_status":"A","ndc_status_date":"08/14/2017","br_generic_indicator" : "BG Ind1","package_size": "24","package_size_umo": ".25", "package_description": "P D", "package_unit_dose": "5","package_quantity" : 4, "repackager_ind":"Re pac", "sd_md": "DM Ind" ,"tee_code" : "Tee Code1","inner_outer_package_indicator" : "IO_Pkg_Ind1", "manufacturer_name" : "MfgName1","cms_rebate" : 4,"date":"08/14/2017","notes_reason" :"Reason1" },
        { "Id": 2,"generic_name": "Generic Name3", "brand_name": "Brand Name3", "strength": "strength3", "route_of_administration": "RoA3", "dosage_form": "DF3", "rx_otc_ind": "Rx3", "awp_price": 300, "wac_price": 301,"ndc_status":"A","ndc_status_date":"08/14/2017","br_generic_indicator" : "BG Ind1","package_size": "24","package_size_umo": ".25", "package_description": "P D", "package_unit_dose": "5","package_quantity" : 3, "repackager_ind":"Re pac", "sd_md": "DM Ind" ,"tee_code" : "Tee Code1","inner_outer_package_indicator" : "IO_Pkg_Ind1", "manufacturer_name" : "MfgName1","cms_rebate" : 4,"date":"08/14/2017","notes_reason" :"Reason1" },
        { "Id": 3,"generic_name": "Generic Name4", "brand_name": "Brand Name4", "strength": "strength4", "route_of_administration": "RoA4", "dosage_form": "DF4", "rx_otc_ind": "Rx4", "awp_price": 400, "wac_price": 401,"ndc_status":"A","ndc_status_date":"08/14/2017","br_generic_indicator" : "BG Ind1","package_size": "24","package_size_umo": ".25", "package_description": "P D", "package_unit_dose": "5","package_quantity" : 2, "repackager_ind":"Re pac", "sd_md": "DM Ind" ,"tee_code" : "Tee Code1","inner_outer_package_indicator" : "IO_Pkg_Ind1", "manufacturer_name" : "MfgName1","cms_rebate" : 4,"date":"08/14/2017","notes_reason" :"Reason1" }
        ],
        "FDB": [{ "Id": 1,"generic_name": "fdb Generic", "brand_name": " fdb Brand", "strength" : "fdb strength1", "route_of_administration" : "fdb RoA1", "dosage_form" : "fdb DF1", "rx_otc_ind" : "fdb Rx1", "awp_price" : 101, "wac_price" : 111,"ndc_status":"A","ndc_status_date":"08/14/2017","br_generic_indicator" : "BG Ind2","package_size": "24","package_size_umo": ".25", "package_description": "P D", "package_unit_dose": "5","package_quantity" : 2, "repackager_ind":"Re pac", "sd_md": "DM Ind" ,"tee_code" : "Tee Code1","inner_outer_package_indicator" : "IO_Pkg_Ind1", "manufacturer_name" : "MfgName1","cms_rebate" : 6,"date":"08/14/2017","notes_reason" :"Reason1" },
        { "Id": 4,"generic_name": "fdb Generic", "brand_name": "fdb Brand", "strength" : "fdb strength2", "route_of_administration" : "fdb RoA2", "dosage_form" : "fdb DF2", "rx_otc_ind" : "fdb Rx2", "awp_price" : 202, "wac_price" : 211,"ndc_status":"A","ndc_status_date":"08/14/2017","br_generic_indicator" : "BG Ind2","package_size": "20","package_size_umo": ".25", "package_description": "P D", "package_unit_dose": "5","package_quantity" : 3, "repackager_ind":"Re pac", "sd_md": "DM Ind" ,"tee_code" : "Tee Code1","inner_outer_package_indicator" : "IO_Pkg_Ind1", "manufacturer_name" : "MfgName1","cms_rebate" : 6,"date":"08/14/2017","notes_reason" :"Reason1" },
        { "Id": 2,"generic_name": "fdb Generic", "brand_name": "fdb Brand", "strength" : "fdb strength3", "route_of_administration" : "fdb RoA3", "dosage_form" : "fdb DF3", "rx_otc_ind" : "fdb Rx3", "awp_price" : 303, "wac_price" : 311,"ndc_status":"A","ndc_status_date":"08/14/2017","br_generic_indicator" : "BG Ind2","package_size": "22", "package_size_umo": ".25","package_description": "P D", "package_unit_dose": "5","package_quantity" : 4, "repackager_ind":"Re pac", "sd_md": "DM Ind" ,"tee_code" : "Tee Code1","inner_outer_package_indicator" : "IO_Pkg_Ind1", "manufacturer_name" : "MfgName1","cms_rebate" : 6,"date":"08/14/2017","notes_reason" :"Reason1" },
        { "Id": 3,"generic_name": "fdb Generic", "brand_name": "fdb Brand", "strength" : "fdb strength4", "route_of_administration" : "fdb RoA4", "dosage_form" : "fdb DF4", "rx_otc_ind" : "fdb Rx4", "awp_price" : 404, "wac_price" : 411,"ndc_status":"A","ndc_status_date":"08/14/2017","br_generic_indicator" : "BG Ind2","package_size": "21", "package_size_umo": ".25","package_description": "P D", "package_unit_dose": "5","package_quantity" : 5, "repackager_ind":"Re pac", "sd_md": "DM Ind" ,"tee_code" : "Tee Code1","inner_outer_package_indicator" : "IO_Pkg_Ind1", "manufacturer_name" : "MfgName1","cms_rebate" : 6,"date":"08/14/2017","notes_reason" :"Reason1" }
        ],
        "GS": [{ "Id": 1,"generic_name": "GS Generic", "brand_name": " GS Brand", "strength" : "GS strength1", "route_of_administration" : "GS RoA1", "dosage_form" : "GS DF1", "rx_otc_ind" : "GS Rx1", "awp_price" : 101, "wac_price" : 111,"ndc_status":"A","ndc_status_date":"08/14/2017","br_generic_indicator" : "BG Ind3","package_size": "24", "package_size_umo": ".25","package_description": "P D", "package_unit_dose": "5","package_quantity" : 1, "repackager_ind":"Re pac", "sd_md": "DM Ind" ,"tee_code" : "Tee Code1","inner_outer_package_indicator" : "IO_Pkg_Ind1", "manufacturer_name" : "MfgName1","cms_rebate" :4,"date":"08/14/2017","notes_reason" :"Reason1" },
        { "Id": 2,"generic_name": "GS Generic", "brand_name": "GS Brand", "strength" : "GS strength2", "route_of_administration" : "GS RoA2", "dosage_form" : "GS DF2", "rx_otc_ind" : "GS Rx2", "awp_price" : 202, "wac_price" : 211,"ndc_status":"A","ndc_status_date":"08/14/2017","br_generic_indicator" : "BG Ind3","package_size": "24", "package_size_umo": ".25","package_description": "P D", "package_unit_dose": "5","package_quantity" : 2, "repackager_ind":"Re pac", "sd_md": "DM Ind" ,"tee_code" : "Tee Code1","inner_outer_package_indicator" : "IO_Pkg_Ind1", "manufacturer_name" : "MfgName1","cms_rebate" : 4,"date":"08/14/2017","notes_reason" :"Reason1" },
        { "Id": 4,"generic_name": "GS Generic", "brand_name": "GS Brand", "strength" : "GS strength3", "route_of_administration" : "GS RoA3", "dosage_form" : "GS DF3", "rx_otc_ind" : "GS Rx3", "awp_price" : 303, "wac_price" : 311,"ndc_status":"A","ndc_status_date":"08/14/2017","br_generic_indicator" : "BG Ind3","package_size": "24", "package_size_umo": ".25","package_description": "P D", "package_unit_dose": "5","package_quantity" : 3, "repackager_ind":"Re pac", "sd_md": "DM Ind" ,"tee_code" : "Tee Code1","inner_outer_package_indicator" : "IO_Pkg_Ind1", "manufacturer_name" : "MfgName1","cms_rebate" : 4,"date":"08/14/2017","notes_reason" :"Reason1" },
        { "Id": 3,"generic_name": "GS Generic", "brand_name": "GS Brand", "strength" : "GS strength4", "route_of_administration" : "GS RoA4", "dosage_form" : "GS DF4", "rx_otc_ind" : "GS Rx4", "awp_price" : 404, "wac_price" : 411,"ndc_status":"A","ndc_status_date":"08/14/2017","br_generic_indicator" : "BG Ind3","package_size": "24", "package_size_umo": ".25","package_description": "P D", "package_unit_dose": "5","package_quantity" : 4, "repackager_ind":"Re pac", "sd_md": "DM Ind" ,"tee_code" : "Tee Code1","inner_outer_package_indicator" : "IO_Pkg_Ind1", "manufacturer_name" : "MfgName1","cms_rebate" : 4,"date":"08/14/2017","notes_reason" :"Reason1" }
        ],
        "RJ": [
        { "Id": 1,"generic_name": "10", "generic_name_status" : 0, "brand_name": 21, "brand_name_status" : 1, "strength" : 88, "strength_status" : 2, "route_of_administration" : 30, "route_of_administration_status" : 0, "dosage_form" : 40, "dosage_form_status" : 0, "rx_otc_ind" : 50, "rx_otc_ind_status" : 2, "awp_price" : 101, "awp_price_status" : 0, "wac_price" : 111, "wac_price_status" : 0,"ndc_status":"A","ndc_status_status":0,"ndc_status_date":"08/14/2017","ndc_status_date_status":0,"br_generic_indicator" : "BG Ind4","br_generic_indicator_status":0,"package_size": "24","package_size_status":0, "package_size_umo": ".25","package_size_umo_status":2, "package_description": "P D", "package_description_status": 2, "package_unit_dose": "5", "package_unit_dose_status":2, "package_quantity" : 4,"package_quantity_status":0, "repackager_ind":"Re pac","repackager_ind_status":0, "sd_md": "DM Ind" ,"sd_md_status" : 0, "tee_code" : "Tee Code1","tee_code_status":0,"inner_outer_package_indicator" : "Pkg Ind","inner_outer_package_indicator_status":0, "manufacturer_name" : "MfgName1","manufacturer_name_status":0, "cms_rebate" : 1,"cms_rebate_status" :0, "date":"08/14/2017","date_status":0, "notes_reason" :"Reason1" },
        { "Id": 4,"generic_name": "gname", "generic_name_status" : 2, "brand_name": 22, "brand_name_status" : 0, "strength" : 89, "strength_status" : 0, "route_of_administration" : 31, "route_of_administration_status" : 2, "dosage_form" : 41, "dosage_form_status" : 0, "rx_otc_ind" : 52, "rx_otc_ind_status" : 0, "awp_price" : 202, "awp_price_status" : 0, "wac_price" : 211, "wac_price_status" : 0,"ndc_status":"A","ndc_status_status":0,"ndc_status_date":"08/14/2017","ndc_status_date_status":0,"br_generic_indicator" : "BG Ind4","br_generic_indicator_status":2,"package_size": "24","package_size_status":0, "package_size_umo": ".25","package_size_umo_status":0, "package_description": "P D", "package_description_status": 0, "package_unit_dose": "5", "package_unit_dose_status":0, "package_quantity" : 3,"package_quantity_status":0, "repackager_ind":"Re pac","repackager_ind_status":0, "sd_md": "DM Ind" ,"sd_md_status" : 0, "tee_code" : "Tee Code1","tee_code_status":0,"inner_outer_package_indicator" : "Pkg Ind1","inner_outer_package_indicator_status":0, "manufacturer_name" : "MfgName1","manufacturer_name_status":0, "cms_rebate" : 2,"cms_rebate_status" :0, "date":"08/14/2017","date_status":0, "notes_reason" :"Reason1"},
        { "Id": 2,"generic_name": "13", "generic_name_status" : 0, "brand_name": 24, "brand_name_status" : 2, "strength" : 91, "strength_status" : 1, "route_of_administration" : 33, "route_of_administration_status" : 2, "dosage_form" : 43, "dosage_form_status" : 0, "rx_otc_ind" : 54, "rx_otc_ind_status" : 0, "awp_price" : 404, "awp_price_status" : 0, "wac_price" : 411, "wac_price_status" : 0,"ndc_status":"A","ndc_status_status":0,"ndc_status_date":"08/14/2017","ndc_status_date_status":0,"br_generic_indicator" : "BG Ind4","br_generic_indicator_status":0,"package_size": "24","package_size_status":0 , "package_size_umo": ".25","package_size_umo_status":0, "package_description": "P D", "package_description_status": 0, "package_unit_dose": "5", "package_unit_dose_status":0, "package_quantity" : 1,"package_quantity_status":0, "repackager_ind":"Re pac","repackager_ind_status":0, "sd_md": "DM Ind" ,"sd_md_status" : 0, "tee_code" : "Tee Code1","tee_code_status":0,"inner_outer_package_indicator" : "Pkg Ind1","inner_outer_package_indicator_status":0, "manufacturer_name" : "MfgName1","manufacturer_name_status":0, "cms_rebate" : 4,"cms_rebate_status" :0, "date":"08/14/2017","date_status":0, "notes_reason" :"Reason1"}
        ] 
      },
      "RuleFailure": [{ "Id": 1, "Rule" : "NDC Status", "Description" : "NDC status descrepancy found between source", "FailureId" : 2 }],
      "Prescribe": { "Link": "","Notes": "" },
      "PriceSpec": { "SpecificationId" : "", "Notes": "" },
      "FollowUp": { "followupDate": "" },
      "FurtherRouting": { "UserId": "", "WorkQueueId": "", "WorkQueueTypeId": "", "Notes": "" }
  },
  {
      "Id": 2,
      "ndc": "00069-3031-20",
      "NDC_Delimiter": "Description of 00069-3031-20",
      "Review":1,
      "publishNote":"",
      "DataSource": {
        "MS": [{ "Id": 1,"generic_name": "Generic Name1", "brand_name": "Brand Name1", "strength": "strength1", "route_of_administration": "RoA1", "dosage_form": "DF1", "rx_otc_ind": "Rx1", "awp_price": 100, "wac_price": 101,"ndc_status":"A","ndc_status_date":"08/14/2017","br_generic_indicator" : "BG Ind1","package_size": "24","package_size_umo": ".25", "package_description": "P D", "package_unit_dose": "5","package_quantity" : 5, "repackager_ind":"Re pac", "sd_md": "DM Ind" ,"tee_code" : "Tee Code1","inner_outer_package_indicator" : "IO_Pkg_Ind1", "manufacturer_name" : "MfgName1","cms_rebate" : 4,"date":"08/14/2017","notes_reason" :"Reason1"},
        { "Id": 4,"generic_name": "Generic Name2", "brand_name": "Brand Name2", "strength": "strength2", "route_of_administration": "RoA2", "dosage_form": "DF2", "rx_otc_ind": "Rx2", "awp_price": 200, "wac_price": 201,"ndc_status":"A","ndc_status_date":"08/14/2017","br_generic_indicator" : "BG Ind1","package_size": "24","package_size_umo": ".25", "package_description": "P D", "package_unit_dose": "5","package_quantity" : 4, "repackager_ind":"Re pac", "sd_md": "DM Ind" ,"tee_code" : "Tee Code1","inner_outer_package_indicator" : "IO_Pkg_Ind1", "manufacturer_name" : "MfgName1","cms_rebate" : 4,"date":"08/14/2017","notes_reason" :"Reason1" },
        { "Id": 2,"generic_name": "Generic Name3", "brand_name": "Brand Name3", "strength": "strength3", "route_of_administration": "RoA3", "dosage_form": "DF3", "rx_otc_ind": "Rx3", "awp_price": 300, "wac_price": 301,"ndc_status":"A","ndc_status_date":"08/14/2017","br_generic_indicator" : "BG Ind1","package_size": "24","package_size_umo": ".25", "package_description": "P D", "package_unit_dose": "5","package_quantity" : 3, "repackager_ind":"Re pac", "sd_md": "DM Ind" ,"tee_code" : "Tee Code1","inner_outer_package_indicator" : "IO_Pkg_Ind1", "manufacturer_name" : "MfgName1","cms_rebate" : 4,"date":"08/14/2017","notes_reason" :"Reason1" },
        { "Id": 3,"generic_name": "Generic Name4", "brand_name": "Brand Name4", "strength": "strength4", "route_of_administration": "RoA4", "dosage_form": "DF4", "rx_otc_ind": "Rx4", "awp_price": 400, "wac_price": 401,"ndc_status":"A","ndc_status_date":"08/14/2017","br_generic_indicator" : "BG Ind1","package_size": "24","package_size_umo": ".25", "package_description": "P D", "package_unit_dose": "5","package_quantity" : 2, "repackager_ind":"Re pac", "sd_md": "DM Ind" ,"tee_code" : "Tee Code1","inner_outer_package_indicator" : "IO_Pkg_Ind1", "manufacturer_name" : "MfgName1","cms_rebate" : 4,"date":"08/14/2017","notes_reason" :"Reason1" }
        ],
        "FDB": [{ "Id": 1,"generic_name": "fdb Generic", "brand_name": " fdb Brand", "strength" : "fdb strength1", "route_of_administration" : "fdb RoA1", "dosage_form" : "fdb DF1", "rx_otc_ind" : "fdb Rx1", "awp_price" : 101, "wac_price" : 111,"ndc_status":"A","ndc_status_date":"08/14/2017","br_generic_indicator" : "BG Ind2","package_size": "24","package_size_umo": ".25", "package_description": "P D", "package_unit_dose": "5","package_quantity" : 2, "repackager_ind":"Re pac", "sd_md": "DM Ind" ,"tee_code" : "Tee Code1","inner_outer_package_indicator" : "IO_Pkg_Ind1", "manufacturer_name" : "MfgName1","cms_rebate" : 6,"date":"08/14/2017","notes_reason" :"Reason1" },
        { "Id": 4,"generic_name": "fdb Generic", "brand_name": "fdb Brand", "strength" : "fdb strength2", "route_of_administration" : "fdb RoA2", "dosage_form" : "fdb DF2", "rx_otc_ind" : "fdb Rx2", "awp_price" : 202, "wac_price" : 211,"ndc_status":"A","ndc_status_date":"08/14/2017","br_generic_indicator" : "BG Ind2","package_size": "20","package_size_umo": ".25", "package_description": "P D", "package_unit_dose": "5","package_quantity" : 3, "repackager_ind":"Re pac", "sd_md": "DM Ind" ,"tee_code" : "Tee Code1","inner_outer_package_indicator" : "IO_Pkg_Ind1", "manufacturer_name" : "MfgName1","cms_rebate" : 6,"date":"08/14/2017","notes_reason" :"Reason1" },
        { "Id": 2,"generic_name": "fdb Generic", "brand_name": "fdb Brand", "strength" : "fdb strength3", "route_of_administration" : "fdb RoA3", "dosage_form" : "fdb DF3", "rx_otc_ind" : "fdb Rx3", "awp_price" : 303, "wac_price" : 311,"ndc_status":"A","ndc_status_date":"08/14/2017","br_generic_indicator" : "BG Ind2","package_size": "22", "package_size_umo": ".25","package_description": "P D", "package_unit_dose": "5","package_quantity" : 4, "repackager_ind":"Re pac", "sd_md": "DM Ind" ,"tee_code" : "Tee Code1","inner_outer_package_indicator" : "IO_Pkg_Ind1", "manufacturer_name" : "MfgName1","cms_rebate" : 6,"date":"08/14/2017","notes_reason" :"Reason1" },
        { "Id": 3,"generic_name": "fdb Generic", "brand_name": "fdb Brand", "strength" : "fdb strength4", "route_of_administration" : "fdb RoA4", "dosage_form" : "fdb DF4", "rx_otc_ind" : "fdb Rx4", "awp_price" : 404, "wac_price" : 411,"ndc_status":"A","ndc_status_date":"08/14/2017","br_generic_indicator" : "BG Ind2","package_size": "21", "package_size_umo": ".25","package_description": "P D", "package_unit_dose": "5","package_quantity" : 5, "repackager_ind":"Re pac", "sd_md": "DM Ind" ,"tee_code" : "Tee Code1","inner_outer_package_indicator" : "IO_Pkg_Ind1", "manufacturer_name" : "MfgName1","cms_rebate" : 6,"date":"08/14/2017","notes_reason" :"Reason1" }
        ],
        "GS": [{ "Id": 1,"generic_name": "GS Generic", "brand_name": " GS Brand", "strength" : "GS strength1", "route_of_administration" : "GS RoA1", "dosage_form" : "GS DF1", "rx_otc_ind" : "GS Rx1", "awp_price" : 101, "wac_price" : 111,"ndc_status":"A","ndc_status_date":"08/14/2017","br_generic_indicator" : "BG Ind3","package_size": "24", "package_size_umo": ".25","package_description": "P D", "package_unit_dose": "5","package_quantity" : 1, "repackager_ind":"Re pac", "sd_md": "DM Ind" ,"tee_code" : "Tee Code1","inner_outer_package_indicator" : "IO_Pkg_Ind1", "manufacturer_name" : "MfgName1","cms_rebate" :4,"date":"08/14/2017","notes_reason" :"Reason1" },
        { "Id": 2,"generic_name": "GS Generic", "brand_name": "GS Brand", "strength" : "GS strength2", "route_of_administration" : "GS RoA2", "dosage_form" : "GS DF2", "rx_otc_ind" : "GS Rx2", "awp_price" : 202, "wac_price" : 211,"ndc_status":"A","ndc_status_date":"08/14/2017","br_generic_indicator" : "BG Ind3","package_size": "24", "package_size_umo": ".25","package_description": "P D", "package_unit_dose": "5","package_quantity" : 2, "repackager_ind":"Re pac", "sd_md": "DM Ind" ,"tee_code" : "Tee Code1","inner_outer_package_indicator" : "IO_Pkg_Ind1", "manufacturer_name" : "MfgName1","cms_rebate" : 4,"date":"08/14/2017","notes_reason" :"Reason1" },
        { "Id": 4,"generic_name": "GS Generic", "brand_name": "GS Brand", "strength" : "GS strength3", "route_of_administration" : "GS RoA3", "dosage_form" : "GS DF3", "rx_otc_ind" : "GS Rx3", "awp_price" : 303, "wac_price" : 311,"ndc_status":"A","ndc_status_date":"08/14/2017","br_generic_indicator" : "BG Ind3","package_size": "24", "package_size_umo": ".25","package_description": "P D", "package_unit_dose": "5","package_quantity" : 3, "repackager_ind":"Re pac", "sd_md": "DM Ind" ,"tee_code" : "Tee Code1","inner_outer_package_indicator" : "IO_Pkg_Ind1", "manufacturer_name" : "MfgName1","cms_rebate" : 4,"date":"08/14/2017","notes_reason" :"Reason1" },
        { "Id": 3,"generic_name": "GS Generic", "brand_name": "GS Brand", "strength" : "GS strength4", "route_of_administration" : "GS RoA4", "dosage_form" : "GS DF4", "rx_otc_ind" : "GS Rx4", "awp_price" : 404, "wac_price" : 411,"ndc_status":"A","ndc_status_date":"08/14/2017","br_generic_indicator" : "BG Ind3","package_size": "24", "package_size_umo": ".25","package_description": "P D", "package_unit_dose": "5","package_quantity" : 4, "repackager_ind":"Re pac", "sd_md": "DM Ind" ,"tee_code" : "Tee Code1","inner_outer_package_indicator" : "IO_Pkg_Ind1", "manufacturer_name" : "MfgName1","cms_rebate" : 4,"date":"08/14/2017","notes_reason" :"Reason1" }
        ],
        "RJ": [
        { "Id": 1,"generic_name": "10", "generic_name_status" : 0, "brand_name": 21, "brand_name_status" : 1, "strength" : 88, "strength_status" : 2, "route_of_administration" : 30, "route_of_administration_status" : 0, "dosage_form" : 40, "dosage_form_status" : 0, "rx_otc_ind" : 50, "rx_otc_ind_status" : 2, "awp_price" : 101, "awp_price_status" : 0, "wac_price" : 111, "wac_price_status" : 0,"ndc_status":"A","ndc_status_status":0,"ndc_status_date":"08/14/2017","ndc_status_date_status":0,"br_generic_indicator" : "BG Ind4","br_generic_indicator_status":0,"package_size": "24","package_size_status":0, "package_size_umo": ".25","package_size_umo_status":1, "package_description": "P D", "package_description_status": 2, "package_unit_dose": "5", "package_unit_dose_status":2, "package_quantity" : 4,"package_quantity_status":0, "repackager_ind":"Re pac","repackager_ind_status":0, "sd_md": "DM Ind" ,"sd_md_status" : 0, "tee_code" : "Tee Code1","tee_code_status":0,"inner_outer_package_indicator" : "Pkg Ind","inner_outer_package_indicator_status":0, "manufacturer_name" : "MfgName1","manufacturer_name_status":0, "cms_rebate" : 1,"cms_rebate_status" :0, "date":"08/14/2017","date_status":0, "notes_reason" :"Reason1" },
        { "Id": 4,"generic_name": "11", "generic_name_status" : 2, "brand_name": 22, "brand_name_status" : 2, "strength" : 89, "strength_status" : 0, "route_of_administration" : 31, "route_of_administration_status" : 1, "dosage_form" : 41, "dosage_form_status" : 0, "rx_otc_ind" : 52, "rx_otc_ind_status" : 0, "awp_price" : 202, "awp_price_status" : 0, "wac_price" : 211, "wac_price_status" : 0,"ndc_status":"A","ndc_status_status":0,"ndc_status_date":"08/14/2017","ndc_status_date_status":0,"br_generic_indicator" : "BG Ind4","br_generic_indicator_status":0,"package_size": "24","package_size_status":0, "package_size_umo": ".25","package_size_umo_status":0, "package_description": "P D", "package_description_status": 0, "package_unit_dose": "5", "package_unit_dose_status":0, "package_quantity" : 3,"package_quantity_status":0, "repackager_ind":"Re pac","repackager_ind_status":0, "sd_md": "DM Ind" ,"sd_md_status" : 0, "tee_code" : "Tee Code1","tee_code_status":0,"inner_outer_package_indicator" : "Pkg Ind1","inner_outer_package_indicator_status":0, "manufacturer_name" : "MfgName1","manufacturer_name_status":0, "cms_rebate" : 2,"cms_rebate_status" :0, "date":"08/14/2017","date_status":0, "notes_reason" :"Reason1"},
        { "Id": 2,"generic_name": "13", "generic_name_status" : 0, "brand_name": 24, "brand_name_status" : 2, "strength" : 91, "strength_status" : 1, "route_of_administration" : 33, "route_of_administration_status" : 1, "dosage_form" : 43, "dosage_form_status" : 0, "rx_otc_ind" : 54, "rx_otc_ind_status" : 0, "awp_price" : 404, "awp_price_status" : 0, "wac_price" : 411, "wac_price_status" : 0,"ndc_status":"A","ndc_status_status":0,"ndc_status_date":"08/14/2017","ndc_status_date_status":0,"br_generic_indicator" : "BG Ind4","br_generic_indicator_status":0,"package_size": "24","package_size_status":0 , "package_size_umo": ".25","package_size_umo_status":0, "package_description": "P D", "package_description_status": 0, "package_unit_dose": "5", "package_unit_dose_status":0, "package_quantity" : 1,"package_quantity_status":0, "repackager_ind":"Re pac","repackager_ind_status":0, "sd_md": "DM Ind" ,"sd_md_status" : 0, "tee_code" : "Tee Code1","tee_code_status":0,"inner_outer_package_indicator" : "Pkg Ind1","inner_outer_package_indicator_status":0, "manufacturer_name" : "MfgName1","manufacturer_name_status":0, "cms_rebate" : 4,"cms_rebate_status" :0, "date":"08/14/2017","date_status":0, "notes_reason" :"Reason1"}
        ] 
      },
      "RuleFailure": [{ "Id": 1, "Rule" : "NDC Status", "Description" : "NDC status descrepancy found between source", "FailureId" : 2 }],
      "Prescribe": { "Link": "","Notes": "" },
      "PriceSpec": { "SpecificationId" : "", "Notes": "" },
      "FollowUp": { "followupDate": "" },
      "FurtherRouting": { "UserId": "", "WorkQueueId": "", "WorkQueueTypeId": "", "Notes": "" }
  },
    {
      "Id": 3,
      "ndc": "00069-3032-20",
      "NDC_Delimiter": "Description of 00069-3032-20",
      "Review":2,
      "publishNote":"",
      "DataSource": {
        "MS": [{ "Id": 1,"generic_name": "Generic Name1", "brand_name": "Brand Name1", "strength": "strength1", "route_of_administration": "RoA1", "dosage_form": "DF1", "rx_otc_ind": "Rx1", "awp_price": 100, "wac_price": 101,"ndc_status":"A","ndc_status_date":"08/14/2017","br_generic_indicator" : "BG Ind1","package_size": "24","package_size_umo": ".25", "package_description": "P D", "package_unit_dose": "5","package_quantity" : 5, "repackager_ind":"Re pac", "sd_md": "DM Ind" ,"tee_code" : "Tee Code1","inner_outer_package_indicator" : "IO_Pkg_Ind1", "manufacturer_name" : "MfgName1","cms_rebate" : 4,"date":"08/14/2017","notes_reason" :"Reason1"},
        { "Id": 4,"generic_name": "Generic Name2", "brand_name": "Brand Name2", "strength": "strength2", "route_of_administration": "RoA2", "dosage_form": "DF2", "rx_otc_ind": "Rx2", "awp_price": 200, "wac_price": 201,"ndc_status":"A","ndc_status_date":"08/14/2017","br_generic_indicator" : "BG Ind1","package_size": "24","package_size_umo": ".25", "package_description": "P D", "package_unit_dose": "5","package_quantity" : 4, "repackager_ind":"Re pac", "sd_md": "DM Ind" ,"tee_code" : "Tee Code1","inner_outer_package_indicator" : "IO_Pkg_Ind1", "manufacturer_name" : "MfgName1","cms_rebate" : 4,"date":"08/14/2017","notes_reason" :"Reason1" },
        { "Id": 2,"generic_name": "Generic Name3", "brand_name": "Brand Name3", "strength": "strength3", "route_of_administration": "RoA3", "dosage_form": "DF3", "rx_otc_ind": "Rx3", "awp_price": 300, "wac_price": 301,"ndc_status":"A","ndc_status_date":"08/14/2017","br_generic_indicator" : "BG Ind1","package_size": "24","package_size_umo": ".25", "package_description": "P D", "package_unit_dose": "5","package_quantity" : 3, "repackager_ind":"Re pac", "sd_md": "DM Ind" ,"tee_code" : "Tee Code1","inner_outer_package_indicator" : "IO_Pkg_Ind1", "manufacturer_name" : "MfgName1","cms_rebate" : 4,"date":"08/14/2017","notes_reason" :"Reason1" },
        { "Id": 3,"generic_name": "Generic Name4", "brand_name": "Brand Name4", "strength": "strength4", "route_of_administration": "RoA4", "dosage_form": "DF4", "rx_otc_ind": "Rx4", "awp_price": 400, "wac_price": 401,"ndc_status":"A","ndc_status_date":"08/14/2017","br_generic_indicator" : "BG Ind1","package_size": "24","package_size_umo": ".25", "package_description": "P D", "package_unit_dose": "5","package_quantity" : 2, "repackager_ind":"Re pac", "sd_md": "DM Ind" ,"tee_code" : "Tee Code1","inner_outer_package_indicator" : "IO_Pkg_Ind1", "manufacturer_name" : "MfgName1","cms_rebate" : 4,"date":"08/14/2017","notes_reason" :"Reason1" }
        ],
        "FDB": [{ "Id": 1,"generic_name": "fdb Generic", "brand_name": " fdb Brand", "strength" : "fdb strength1", "route_of_administration" : "fdb RoA1", "dosage_form" : "fdb DF1", "rx_otc_ind" : "fdb Rx1", "awp_price" : 101, "wac_price" : 111,"ndc_status":"A","ndc_status_date":"08/14/2017","br_generic_indicator" : "BG Ind2","package_size": "24","package_size_umo": ".25", "package_description": "P D", "package_unit_dose": "5","package_quantity" : 2, "repackager_ind":"Re pac", "sd_md": "DM Ind" ,"tee_code" : "Tee Code1","inner_outer_package_indicator" : "IO_Pkg_Ind1", "manufacturer_name" : "MfgName1","cms_rebate" : 6,"date":"08/14/2017","notes_reason" :"Reason1" },
        { "Id": 4,"generic_name": "fdb Generic", "brand_name": "fdb Brand", "strength" : "fdb strength2", "route_of_administration" : "fdb RoA2", "dosage_form" : "fdb DF2", "rx_otc_ind" : "fdb Rx2", "awp_price" : 202, "wac_price" : 211,"ndc_status":"A","ndc_status_date":"08/14/2017","br_generic_indicator" : "BG Ind2","package_size": "20","package_size_umo": ".25", "package_description": "P D", "package_unit_dose": "5","package_quantity" : 3, "repackager_ind":"Re pac", "sd_md": "DM Ind" ,"tee_code" : "Tee Code1","inner_outer_package_indicator" : "IO_Pkg_Ind1", "manufacturer_name" : "MfgName1","cms_rebate" : 6,"date":"08/14/2017","notes_reason" :"Reason1" },
        { "Id": 2,"generic_name": "fdb Generic", "brand_name": "fdb Brand", "strength" : "fdb strength3", "route_of_administration" : "fdb RoA3", "dosage_form" : "fdb DF3", "rx_otc_ind" : "fdb Rx3", "awp_price" : 303, "wac_price" : 311,"ndc_status":"A","ndc_status_date":"08/14/2017","br_generic_indicator" : "BG Ind2","package_size": "22", "package_size_umo": ".25","package_description": "P D", "package_unit_dose": "5","package_quantity" : 4, "repackager_ind":"Re pac", "sd_md": "DM Ind" ,"tee_code" : "Tee Code1","inner_outer_package_indicator" : "IO_Pkg_Ind1", "manufacturer_name" : "MfgName1","cms_rebate" : 6,"date":"08/14/2017","notes_reason" :"Reason1" },
        { "Id": 3,"generic_name": "fdb Generic", "brand_name": "fdb Brand", "strength" : "fdb strength4", "route_of_administration" : "fdb RoA4", "dosage_form" : "fdb DF4", "rx_otc_ind" : "fdb Rx4", "awp_price" : 404, "wac_price" : 411,"ndc_status":"A","ndc_status_date":"08/14/2017","br_generic_indicator" : "BG Ind2","package_size": "21", "package_size_umo": ".25","package_description": "P D", "package_unit_dose": "5","package_quantity" : 5, "repackager_ind":"Re pac", "sd_md": "DM Ind" ,"tee_code" : "Tee Code1","inner_outer_package_indicator" : "IO_Pkg_Ind1", "manufacturer_name" : "MfgName1","cms_rebate" : 6,"date":"08/14/2017","notes_reason" :"Reason1" }
        ],
        "GS": [{ "Id": 1,"generic_name": "GS Generic", "brand_name": " GS Brand", "strength" : "GS strength1", "route_of_administration" : "GS RoA1", "dosage_form" : "GS DF1", "rx_otc_ind" : "GS Rx1", "awp_price" : 101, "wac_price" : 111,"ndc_status":"A","ndc_status_date":"08/14/2017","br_generic_indicator" : "BG Ind3","package_size": "24", "package_size_umo": ".25","package_description": "P D", "package_unit_dose": "5","package_quantity" : 1, "repackager_ind":"Re pac", "sd_md": "DM Ind" ,"tee_code" : "Tee Code1","inner_outer_package_indicator" : "IO_Pkg_Ind1", "manufacturer_name" : "MfgName1","cms_rebate" :4,"date":"08/14/2017","notes_reason" :"Reason1" },
        { "Id": 2,"generic_name": "GS Generic", "brand_name": "GS Brand", "strength" : "GS strength2", "route_of_administration" : "GS RoA2", "dosage_form" : "GS DF2", "rx_otc_ind" : "GS Rx2", "awp_price" : 202, "wac_price" : 211,"ndc_status":"A","ndc_status_date":"08/14/2017","br_generic_indicator" : "BG Ind3","package_size": "24", "package_size_umo": ".25","package_description": "P D", "package_unit_dose": "5","package_quantity" : 2, "repackager_ind":"Re pac", "sd_md": "DM Ind" ,"tee_code" : "Tee Code1","inner_outer_package_indicator" : "IO_Pkg_Ind1", "manufacturer_name" : "MfgName1","cms_rebate" : 4,"date":"08/14/2017","notes_reason" :"Reason1" },
        { "Id": 4,"generic_name": "GS Generic", "brand_name": "GS Brand", "strength" : "GS strength3", "route_of_administration" : "GS RoA3", "dosage_form" : "GS DF3", "rx_otc_ind" : "GS Rx3", "awp_price" : 303, "wac_price" : 311,"ndc_status":"A","ndc_status_date":"08/14/2017","br_generic_indicator" : "BG Ind3","package_size": "24", "package_size_umo": ".25","package_description": "P D", "package_unit_dose": "5","package_quantity" : 3, "repackager_ind":"Re pac", "sd_md": "DM Ind" ,"tee_code" : "Tee Code1","inner_outer_package_indicator" : "IO_Pkg_Ind1", "manufacturer_name" : "MfgName1","cms_rebate" : 4,"date":"08/14/2017","notes_reason" :"Reason1" },
        { "Id": 3,"generic_name": "GS Generic", "brand_name": "GS Brand", "strength" : "GS strength4", "route_of_administration" : "GS RoA4", "dosage_form" : "GS DF4", "rx_otc_ind" : "GS Rx4", "awp_price" : 404, "wac_price" : 411,"ndc_status":"A","ndc_status_date":"08/14/2017","br_generic_indicator" : "BG Ind3","package_size": "24", "package_size_umo": ".25","package_description": "P D", "package_unit_dose": "5","package_quantity" : 4, "repackager_ind":"Re pac", "sd_md": "DM Ind" ,"tee_code" : "Tee Code1","inner_outer_package_indicator" : "IO_Pkg_Ind1", "manufacturer_name" : "MfgName1","cms_rebate" : 4,"date":"08/14/2017","notes_reason" :"Reason1" }
        ],
        "RJ": [
        { "Id": 1,"generic_name": "10", "generic_name_status" : 0, "brand_name": 21, "brand_name_status" : 1, "strength" : 88, "strength_status" : 2, "route_of_administration" : 30, "route_of_administration_status" : 0, "dosage_form" : 40, "dosage_form_status" : 0, "rx_otc_ind" : 50, "rx_otc_ind_status" : 2, "awp_price" : 101, "awp_price_status" : 0, "wac_price" : 111, "wac_price_status" : 0,"ndc_status":"A","ndc_status_status":0,"ndc_status_date":"08/14/2017","ndc_status_date_status":0,"br_generic_indicator" : "BG Ind4","br_generic_indicator_status":0,"package_size": "24","package_size_status":0, "package_size_umo": ".25","package_size_umo_status":1, "package_description": "P D", "package_description_status": 2, "package_unit_dose": "5", "package_unit_dose_status":2, "package_quantity" : 4,"package_quantity_status":0, "repackager_ind":"Re pac","repackager_ind_status":0, "sd_md": "DM Ind" ,"sd_md_status" : 0, "tee_code" : "Tee Code1","tee_code_status":0,"inner_outer_package_indicator" : "Pkg Ind","inner_outer_package_indicator_status":0, "manufacturer_name" : "MfgName1","manufacturer_name_status":0, "cms_rebate" : 1,"cms_rebate_status" :0, "date":"08/14/2017","date_status":0, "notes_reason" :"Reason1" },
        { "Id": 4,"generic_name": "11", "generic_name_status" : 2, "brand_name": 22, "brand_name_status" : 2, "strength" : 89, "strength_status" : 0, "route_of_administration" : 31, "route_of_administration_status" : 1, "dosage_form" : 41, "dosage_form_status" : 0, "rx_otc_ind" : 52, "rx_otc_ind_status" : 0, "awp_price" : 202, "awp_price_status" : 0, "wac_price" : 211, "wac_price_status" : 0,"ndc_status":"A","ndc_status_status":0,"ndc_status_date":"08/14/2017","ndc_status_date_status":0,"br_generic_indicator" : "BG Ind4","br_generic_indicator_status":0,"package_size": "24","package_size_status":0, "package_size_umo": ".25","package_size_umo_status":0, "package_description": "P D", "package_description_status": 0, "package_unit_dose": "5", "package_unit_dose_status":0, "package_quantity" : 3,"package_quantity_status":0, "repackager_ind":"Re pac","repackager_ind_status":0, "sd_md": "DM Ind" ,"sd_md_status" : 0, "tee_code" : "Tee Code1","tee_code_status":0,"inner_outer_package_indicator" : "Pkg Ind1","inner_outer_package_indicator_status":0, "manufacturer_name" : "MfgName1","manufacturer_name_status":0, "cms_rebate" : 2,"cms_rebate_status" :0, "date":"08/14/2017","date_status":0, "notes_reason" :"Reason1"},
        { "Id": 2,"generic_name": "13", "generic_name_status" : 0, "brand_name": 24, "brand_name_status" : 2, "strength" : 91, "strength_status" : 1, "route_of_administration" : 33, "route_of_administration_status" : 1, "dosage_form" : 43, "dosage_form_status" : 0, "rx_otc_ind" : 54, "rx_otc_ind_status" : 0, "awp_price" : 404, "awp_price_status" : 0, "wac_price" : 411, "wac_price_status" : 0,"ndc_status":"A","ndc_status_status":0,"ndc_status_date":"08/14/2017","ndc_status_date_status":0,"br_generic_indicator" : "BG Ind4","br_generic_indicator_status":0,"package_size": "24","package_size_status":0 , "package_size_umo": ".25","package_size_umo_status":0, "package_description": "P D", "package_description_status": 0, "package_unit_dose": "5", "package_unit_dose_status":0, "package_quantity" : 1,"package_quantity_status":0, "repackager_ind":"Re pac","repackager_ind_status":0, "sd_md": "DM Ind" ,"sd_md_status" : 0, "tee_code" : "Tee Code1","tee_code_status":0,"inner_outer_package_indicator" : "Pkg Ind1","inner_outer_package_indicator_status":0, "manufacturer_name" : "MfgName1","manufacturer_name_status":0, "cms_rebate" : 4,"cms_rebate_status" :0, "date":"08/14/2017","date_status":0, "notes_reason" :"Reason1"}
        ] 
      },
       "RuleFailure": [{ "Id": 1, "Rule" : "NDC Status", "Description" : "NDC status descrepancy found between source", "FailureId" : 2 }],
      "Prescribe": { "Link": "","Notes": "" },
      "PriceSpec": { "SpecificationId" : "", "Notes": "" },
      "FollowUp": { "followupDate": "" },
      "FurtherRouting": { "UserId": "", "WorkQueueId": "", "WorkQueueTypeId": "", "Notes": "" }
  },
    {
      "Id": 4,
      "ndc": "00069-3033-20",
      "NDC_Delimiter": "Description of 00069-3033-20",
      "Review":2,
      "publishNote":"",
      "DataSource": {
        "MS": [{ "Id": 1,"generic_name": "Generic Name1", "brand_name": "Brand Name1", "strength": "strength1", "route_of_administration": "RoA1", "dosage_form": "DF1", "rx_otc_ind": "Rx1", "awp_price": 100, "wac_price": 101,"ndc_status":"A","ndc_status_date":"08/14/2017","br_generic_indicator" : "BG Ind1","package_size": "24","package_size_umo": ".25", "package_description": "P D", "package_unit_dose": "5","package_quantity" : 5, "repackager_ind":"Re pac", "sd_md": "DM Ind" ,"tee_code" : "Tee Code1","inner_outer_package_indicator" : "IO_Pkg_Ind1", "manufacturer_name" : "MfgName1","cms_rebate" : 4,"date":"08/14/2017","notes_reason" :"Reason1"},
        { "Id": 4,"generic_name": "Generic Name2", "brand_name": "Brand Name2", "strength": "strength2", "route_of_administration": "RoA2", "dosage_form": "DF2", "rx_otc_ind": "Rx2", "awp_price": 200, "wac_price": 201,"ndc_status":"A","ndc_status_date":"08/14/2017","br_generic_indicator" : "BG Ind1","package_size": "24","package_size_umo": ".25", "package_description": "P D", "package_unit_dose": "5","package_quantity" : 4, "repackager_ind":"Re pac", "sd_md": "DM Ind" ,"tee_code" : "Tee Code1","inner_outer_package_indicator" : "IO_Pkg_Ind1", "manufacturer_name" : "MfgName1","cms_rebate" : 4,"date":"08/14/2017","notes_reason" :"Reason1" },
        { "Id": 2,"generic_name": "Generic Name3", "brand_name": "Brand Name3", "strength": "strength3", "route_of_administration": "RoA3", "dosage_form": "DF3", "rx_otc_ind": "Rx3", "awp_price": 300, "wac_price": 301,"ndc_status":"A","ndc_status_date":"08/14/2017","br_generic_indicator" : "BG Ind1","package_size": "24","package_size_umo": ".25", "package_description": "P D", "package_unit_dose": "5","package_quantity" : 3, "repackager_ind":"Re pac", "sd_md": "DM Ind" ,"tee_code" : "Tee Code1","inner_outer_package_indicator" : "IO_Pkg_Ind1", "manufacturer_name" : "MfgName1","cms_rebate" : 4,"date":"08/14/2017","notes_reason" :"Reason1" },
        { "Id": 3,"generic_name": "Generic Name4", "brand_name": "Brand Name4", "strength": "strength4", "route_of_administration": "RoA4", "dosage_form": "DF4", "rx_otc_ind": "Rx4", "awp_price": 400, "wac_price": 401,"ndc_status":"A","ndc_status_date":"08/14/2017","br_generic_indicator" : "BG Ind1","package_size": "24","package_size_umo": ".25", "package_description": "P D", "package_unit_dose": "5","package_quantity" : 2, "repackager_ind":"Re pac", "sd_md": "DM Ind" ,"tee_code" : "Tee Code1","inner_outer_package_indicator" : "IO_Pkg_Ind1", "manufacturer_name" : "MfgName1","cms_rebate" : 4,"date":"08/14/2017","notes_reason" :"Reason1" }
        ],
        "FDB": [{ "Id": 1,"generic_name": "fdb Generic", "brand_name": " fdb Brand", "strength" : "fdb strength1", "route_of_administration" : "fdb RoA1", "dosage_form" : "fdb DF1", "rx_otc_ind" : "fdb Rx1", "awp_price" : 101, "wac_price" : 111,"ndc_status":"A","ndc_status_date":"08/14/2017","br_generic_indicator" : "BG Ind2","package_size": "24","package_size_umo": ".25", "package_description": "P D", "package_unit_dose": "5","package_quantity" : 2, "repackager_ind":"Re pac", "sd_md": "DM Ind" ,"tee_code" : "Tee Code1","inner_outer_package_indicator" : "IO_Pkg_Ind1", "manufacturer_name" : "MfgName1","cms_rebate" : 6,"date":"08/14/2017","notes_reason" :"Reason1" },
        { "Id": 4,"generic_name": "fdb Generic", "brand_name": "fdb Brand", "strength" : "fdb strength2", "route_of_administration" : "fdb RoA2", "dosage_form" : "fdb DF2", "rx_otc_ind" : "fdb Rx2", "awp_price" : 202, "wac_price" : 211,"ndc_status":"A","ndc_status_date":"08/14/2017","br_generic_indicator" : "BG Ind2","package_size": "20","package_size_umo": ".25", "package_description": "P D", "package_unit_dose": "5","package_quantity" : 3, "repackager_ind":"Re pac", "sd_md": "DM Ind" ,"tee_code" : "Tee Code1","inner_outer_package_indicator" : "IO_Pkg_Ind1", "manufacturer_name" : "MfgName1","cms_rebate" : 6,"date":"08/14/2017","notes_reason" :"Reason1" },
        { "Id": 2,"generic_name": "fdb Generic", "brand_name": "fdb Brand", "strength" : "fdb strength3", "route_of_administration" : "fdb RoA3", "dosage_form" : "fdb DF3", "rx_otc_ind" : "fdb Rx3", "awp_price" : 303, "wac_price" : 311,"ndc_status":"A","ndc_status_date":"08/14/2017","br_generic_indicator" : "BG Ind2","package_size": "22", "package_size_umo": ".25","package_description": "P D", "package_unit_dose": "5","package_quantity" : 4, "repackager_ind":"Re pac", "sd_md": "DM Ind" ,"tee_code" : "Tee Code1","inner_outer_package_indicator" : "IO_Pkg_Ind1", "manufacturer_name" : "MfgName1","cms_rebate" : 6,"date":"08/14/2017","notes_reason" :"Reason1" },
        { "Id": 3,"generic_name": "fdb Generic", "brand_name": "fdb Brand", "strength" : "fdb strength4", "route_of_administration" : "fdb RoA4", "dosage_form" : "fdb DF4", "rx_otc_ind" : "fdb Rx4", "awp_price" : 404, "wac_price" : 411,"ndc_status":"A","ndc_status_date":"08/14/2017","br_generic_indicator" : "BG Ind2","package_size": "21", "package_size_umo": ".25","package_description": "P D", "package_unit_dose": "5","package_quantity" : 5, "repackager_ind":"Re pac", "sd_md": "DM Ind" ,"tee_code" : "Tee Code1","inner_outer_package_indicator" : "IO_Pkg_Ind1", "manufacturer_name" : "MfgName1","cms_rebate" : 6,"date":"08/14/2017","notes_reason" :"Reason1" }
        ],
        "GS": [{ "Id": 1,"generic_name": "GS Generic", "brand_name": " GS Brand", "strength" : "GS strength1", "route_of_administration" : "GS RoA1", "dosage_form" : "GS DF1", "rx_otc_ind" : "GS Rx1", "awp_price" : 101, "wac_price" : 111,"ndc_status":"A","ndc_status_date":"08/14/2017","br_generic_indicator" : "BG Ind3","package_size": "24", "package_size_umo": ".25","package_description": "P D", "package_unit_dose": "5","package_quantity" : 1, "repackager_ind":"Re pac", "sd_md": "DM Ind" ,"tee_code" : "Tee Code1","inner_outer_package_indicator" : "IO_Pkg_Ind1", "manufacturer_name" : "MfgName1","cms_rebate" :4,"date":"08/14/2017","notes_reason" :"Reason1" },
        { "Id": 2,"generic_name": "GS Generic", "brand_name": "GS Brand", "strength" : "GS strength2", "route_of_administration" : "GS RoA2", "dosage_form" : "GS DF2", "rx_otc_ind" : "GS Rx2", "awp_price" : 202, "wac_price" : 211,"ndc_status":"A","ndc_status_date":"08/14/2017","br_generic_indicator" : "BG Ind3","package_size": "24", "package_size_umo": ".25","package_description": "P D", "package_unit_dose": "5","package_quantity" : 2, "repackager_ind":"Re pac", "sd_md": "DM Ind" ,"tee_code" : "Tee Code1","inner_outer_package_indicator" : "IO_Pkg_Ind1", "manufacturer_name" : "MfgName1","cms_rebate" : 4,"date":"08/14/2017","notes_reason" :"Reason1" },
        { "Id": 4,"generic_name": "GS Generic", "brand_name": "GS Brand", "strength" : "GS strength3", "route_of_administration" : "GS RoA3", "dosage_form" : "GS DF3", "rx_otc_ind" : "GS Rx3", "awp_price" : 303, "wac_price" : 311,"ndc_status":"A","ndc_status_date":"08/14/2017","br_generic_indicator" : "BG Ind3","package_size": "24", "package_size_umo": ".25","package_description": "P D", "package_unit_dose": "5","package_quantity" : 3, "repackager_ind":"Re pac", "sd_md": "DM Ind" ,"tee_code" : "Tee Code1","inner_outer_package_indicator" : "IO_Pkg_Ind1", "manufacturer_name" : "MfgName1","cms_rebate" : 4,"date":"08/14/2017","notes_reason" :"Reason1" },
        { "Id": 3,"generic_name": "GS Generic", "brand_name": "GS Brand", "strength" : "GS strength4", "route_of_administration" : "GS RoA4", "dosage_form" : "GS DF4", "rx_otc_ind" : "GS Rx4", "awp_price" : 404, "wac_price" : 411,"ndc_status":"A","ndc_status_date":"08/14/2017","br_generic_indicator" : "BG Ind3","package_size": "24", "package_size_umo": ".25","package_description": "P D", "package_unit_dose": "5","package_quantity" : 4, "repackager_ind":"Re pac", "sd_md": "DM Ind" ,"tee_code" : "Tee Code1","inner_outer_package_indicator" : "IO_Pkg_Ind1", "manufacturer_name" : "MfgName1","cms_rebate" : 4,"date":"08/14/2017","notes_reason" :"Reason1" }
        ],
        "RJ": [
        { "Id": 1,"generic_name": "10", "generic_name_status" : 0, "brand_name": 21, "brand_name_status" : 1, "strength" : 88, "strength_status" : 2, "route_of_administration" : 30, "route_of_administration_status" : 0, "dosage_form" : 40, "dosage_form_status" : 0, "rx_otc_ind" : 50, "rx_otc_ind_status" : 2, "awp_price" : 101, "awp_price_status" : 0, "wac_price" : 111, "wac_price_status" : 0,"ndc_status":"A","ndc_status_status":0,"ndc_status_date":"08/14/2017","ndc_status_date_status":0,"br_generic_indicator" : "BG Ind4","br_generic_indicator_status":0,"package_size": "24","package_size_status":0, "package_size_umo": ".25","package_size_umo_status":1, "package_description": "P D", "package_description_status": 2, "package_unit_dose": "5", "package_unit_dose_status":2, "package_quantity" : 4,"package_quantity_status":0, "repackager_ind":"Re pac","repackager_ind_status":0, "sd_md": "DM Ind" ,"sd_md_status" : 0, "tee_code" : "Tee Code1","tee_code_status":0,"inner_outer_package_indicator" : "Pkg Ind","inner_outer_package_indicator_status":0, "manufacturer_name" : "MfgName1","manufacturer_name_status":0, "cms_rebate" : 1,"cms_rebate_status" :0, "date":"08/14/2017","date_status":0, "notes_reason" :"Reason1" },
        { "Id": 4,"generic_name": "11", "generic_name_status" : 2, "brand_name": 22, "brand_name_status" : 2, "strength" : 89, "strength_status" : 0, "route_of_administration" : 31, "route_of_administration_status" : 1, "dosage_form" : 41, "dosage_form_status" : 0, "rx_otc_ind" : 52, "rx_otc_ind_status" : 0, "awp_price" : 202, "awp_price_status" : 0, "wac_price" : 211, "wac_price_status" : 0,"ndc_status":"A","ndc_status_status":0,"ndc_status_date":"08/14/2017","ndc_status_date_status":0,"br_generic_indicator" : "BG Ind4","br_generic_indicator_status":0,"package_size": "24","package_size_status":0, "package_size_umo": ".25","package_size_umo_status":0, "package_description": "P D", "package_description_status": 0, "package_unit_dose": "5", "package_unit_dose_status":0, "package_quantity" : 3,"package_quantity_status":0, "repackager_ind":"Re pac","repackager_ind_status":0, "sd_md": "DM Ind" ,"sd_md_status" : 0, "tee_code" : "Tee Code1","tee_code_status":0,"inner_outer_package_indicator" : "Pkg Ind1","inner_outer_package_indicator_status":0, "manufacturer_name" : "MfgName1","manufacturer_name_status":0, "cms_rebate" : 2,"cms_rebate_status" :0, "date":"08/14/2017","date_status":0, "notes_reason" :"Reason1"},
        { "Id": 2,"generic_name": "13", "generic_name_status" : 0, "brand_name": 24, "brand_name_status" : 2, "strength" : 91, "strength_status" : 1, "route_of_administration" : 33, "route_of_administration_status" : 1, "dosage_form" : 43, "dosage_form_status" : 0, "rx_otc_ind" : 54, "rx_otc_ind_status" : 0, "awp_price" : 404, "awp_price_status" : 0, "wac_price" : 411, "wac_price_status" : 0,"ndc_status":"A","ndc_status_status":0,"ndc_status_date":"08/14/2017","ndc_status_date_status":0,"br_generic_indicator" : "BG Ind4","br_generic_indicator_status":0,"package_size": "24","package_size_status":0 , "package_size_umo": ".25","package_size_umo_status":0, "package_description": "P D", "package_description_status": 0, "package_unit_dose": "5", "package_unit_dose_status":0, "package_quantity" : 1,"package_quantity_status":0, "repackager_ind":"Re pac","repackager_ind_status":0, "sd_md": "DM Ind" ,"sd_md_status" : 0, "tee_code" : "Tee Code1","tee_code_status":0,"inner_outer_package_indicator" : "Pkg Ind1","inner_outer_package_indicator_status":0, "manufacturer_name" : "MfgName1","manufacturer_name_status":0, "cms_rebate" : 4,"cms_rebate_status" :0, "date":"08/14/2017","date_status":0, "notes_reason" :"Reason1"}
        ] 
      },
      "RuleFailure": [{ "Id": 1, "Rule" : "NDC Status", "Description" : "NDC status descrepancy found between source", "FailureId" : 2 }],
      "Prescribe": { "Link": "","Notes": "" },
      "PriceSpec": { "SpecificationId" : "", "Notes": "" },
      "FollowUp": { "followupDate": "" },
      "FurtherRouting": { "UserId": "", "WorkQueueId": "", "WorkQueueTypeId": "", "Notes": "" }
  },
  {
      "Id": 5,
      "ndc": "00069-3034-20",
      "NDC_Delimiter": "Description of 00069-3034-20",
      "Review":2,
      "publishNote":"",
      "DataSource": {
        "MS": [{ "Id": 1,"generic_name": "Generic Name1", "brand_name": "Brand Name1", "strength": "strength1", "route_of_administration": "RoA1", "dosage_form": "DF1", "rx_otc_ind": "Rx1", "awp_price": 100, "wac_price": 101,"ndc_status":"A","ndc_status_date":"08/14/2017","br_generic_indicator" : "BG Ind1","package_size": "24","package_size_umo": ".25", "package_description": "P D", "package_unit_dose": "5","package_quantity" : 5, "repackager_ind":"Re pac", "sd_md": "DM Ind" ,"tee_code" : "Tee Code1","inner_outer_package_indicator" : "IO_Pkg_Ind1", "manufacturer_name" : "MfgName1","cms_rebate" : 4,"date":"08/14/2017","notes_reason" :"Reason1"},
        { "Id": 4,"generic_name": "Generic Name2", "brand_name": "Brand Name2", "strength": "strength2", "route_of_administration": "RoA2", "dosage_form": "DF2", "rx_otc_ind": "Rx2", "awp_price": 200, "wac_price": 201,"ndc_status":"A","ndc_status_date":"08/14/2017","br_generic_indicator" : "BG Ind1","package_size": "24","package_size_umo": ".25", "package_description": "P D", "package_unit_dose": "5","package_quantity" : 4, "repackager_ind":"Re pac", "sd_md": "DM Ind" ,"tee_code" : "Tee Code1","inner_outer_package_indicator" : "IO_Pkg_Ind1", "manufacturer_name" : "MfgName1","cms_rebate" : 4,"date":"08/14/2017","notes_reason" :"Reason1" },
        { "Id": 2,"generic_name": "Generic Name3", "brand_name": "Brand Name3", "strength": "strength3", "route_of_administration": "RoA3", "dosage_form": "DF3", "rx_otc_ind": "Rx3", "awp_price": 300, "wac_price": 301,"ndc_status":"A","ndc_status_date":"08/14/2017","br_generic_indicator" : "BG Ind1","package_size": "24","package_size_umo": ".25", "package_description": "P D", "package_unit_dose": "5","package_quantity" : 3, "repackager_ind":"Re pac", "sd_md": "DM Ind" ,"tee_code" : "Tee Code1","inner_outer_package_indicator" : "IO_Pkg_Ind1", "manufacturer_name" : "MfgName1","cms_rebate" : 4,"date":"08/14/2017","notes_reason" :"Reason1" },
        { "Id": 3,"generic_name": "Generic Name4", "brand_name": "Brand Name4", "strength": "strength4", "route_of_administration": "RoA4", "dosage_form": "DF4", "rx_otc_ind": "Rx4", "awp_price": 400, "wac_price": 401,"br_generic_indicator" : "BG Ind1","package_size": "24","package_size_umo": ".25", "package_description": "P D", "package_unit_dose": "5","package_quantity" : 2, "repackager_ind":"Re pac", "sd_md": "DM Ind" ,"tee_code" : "Tee Code1","inner_outer_package_indicator" : "IO_Pkg_Ind1", "manufacturer_name" : "MfgName1","cms_rebate" : 4,"date":"08/14/2017","notes_reason" :"Reason1" }
        ],
        "FDB": [{ "Id": 1,"generic_name": "fdb Generic", "brand_name": " fdb Brand", "strength" : "fdb strength1", "route_of_administration" : "fdb RoA1", "dosage_form" : "fdb DF1", "rx_otc_ind" : "fdb Rx1", "awp_price" : 101, "wac_price" : 111,"ndc_status":"A","ndc_status_date":"08/14/2017","br_generic_indicator" : "BG Ind2","package_size": "24","package_size_umo": ".25", "package_description": "P D", "package_unit_dose": "5","package_quantity" : 2, "repackager_ind":"Re pac", "sd_md": "DM Ind" ,"tee_code" : "Tee Code1","inner_outer_package_indicator" : "IO_Pkg_Ind1", "manufacturer_name" : "MfgName1","cms_rebate" : 6,"date":"08/14/2017","notes_reason" :"Reason1" },
        { "Id": 4,"generic_name": "fdb Generic", "brand_name": "fdb Brand", "strength" : "fdb strength2", "route_of_administration" : "fdb RoA2", "dosage_form" : "fdb DF2", "rx_otc_ind" : "fdb Rx2", "awp_price" : 202, "wac_price" : 211,"ndc_status":"A","ndc_status_date":"08/14/2017","br_generic_indicator" : "BG Ind2","package_size": "20","package_size_umo": ".25", "package_description": "P D", "package_unit_dose": "5","package_quantity" : 3, "repackager_ind":"Re pac", "sd_md": "DM Ind" ,"tee_code" : "Tee Code1","inner_outer_package_indicator" : "IO_Pkg_Ind1", "manufacturer_name" : "MfgName1","cms_rebate" : 6,"date":"08/14/2017","notes_reason" :"Reason1" },
        { "Id": 2,"generic_name": "fdb Generic", "brand_name": "fdb Brand", "strength" : "fdb strength3", "route_of_administration" : "fdb RoA3", "dosage_form" : "fdb DF3", "rx_otc_ind" : "fdb Rx3", "awp_price" : 303, "wac_price" : 311,"ndc_status":"A","ndc_status_date":"08/14/2017","br_generic_indicator" : "BG Ind2","package_size": "22", "package_size_umo": ".25","package_description": "P D", "package_unit_dose": "5","package_quantity" : 4, "repackager_ind":"Re pac", "sd_md": "DM Ind" ,"tee_code" : "Tee Code1","inner_outer_package_indicator" : "IO_Pkg_Ind1", "manufacturer_name" : "MfgName1","cms_rebate" : 6,"date":"08/14/2017","notes_reason" :"Reason1" },
        { "Id": 3,"generic_name": "fdb Generic", "brand_name": "fdb Brand", "strength" : "fdb strength4", "route_of_administration" : "fdb RoA4", "dosage_form" : "fdb DF4", "rx_otc_ind" : "fdb Rx4", "awp_price" : 404, "wac_price" : 411,"ndc_status":"A","ndc_status_date":"08/14/2017","br_generic_indicator" : "BG Ind2","package_size": "21", "package_size_umo": ".25","package_description": "P D", "package_unit_dose": "5","package_quantity" : 5, "repackager_ind":"Re pac", "sd_md": "DM Ind" ,"tee_code" : "Tee Code1","inner_outer_package_indicator" : "IO_Pkg_Ind1", "manufacturer_name" : "MfgName1","cms_rebate" : 6,"date":"08/14/2017","notes_reason" :"Reason1" }
        ],
        "GS": [{ "Id": 1,"generic_name": "GS Generic", "brand_name": " GS Brand", "strength" : "GS strength1", "route_of_administration" : "GS RoA1", "dosage_form" : "GS DF1", "rx_otc_ind" : "GS Rx1", "awp_price" : 101, "wac_price" : 111,"ndc_status":"A","ndc_status_date":"08/14/2017","br_generic_indicator" : "BG Ind3","package_size": "24", "package_size_umo": ".25","package_description": "P D", "package_unit_dose": "5","package_quantity" : 1, "repackager_ind":"Re pac", "sd_md": "DM Ind" ,"tee_code" : "Tee Code1","inner_outer_package_indicator" : "IO_Pkg_Ind1", "manufacturer_name" : "MfgName1","cms_rebate" :4,"date":"08/14/2017","notes_reason" :"Reason1" },
        { "Id": 2,"generic_name": "GS Generic", "brand_name": "GS Brand", "strength" : "GS strength2", "route_of_administration" : "GS RoA2", "dosage_form" : "GS DF2", "rx_otc_ind" : "GS Rx2", "awp_price" : 202, "wac_price" : 211,"ndc_status":"A","ndc_status_date":"08/14/2017","br_generic_indicator" : "BG Ind3","package_size": "24", "package_size_umo": ".25","package_description": "P D", "package_unit_dose": "5","package_quantity" : 2, "repackager_ind":"Re pac", "sd_md": "DM Ind" ,"tee_code" : "Tee Code1","inner_outer_package_indicator" : "IO_Pkg_Ind1", "manufacturer_name" : "MfgName1","cms_rebate" : 4,"date":"08/14/2017","notes_reason" :"Reason1" },
        { "Id": 4,"generic_name": "GS Generic", "brand_name": "GS Brand", "strength" : "GS strength3", "route_of_administration" : "GS RoA3", "dosage_form" : "GS DF3", "rx_otc_ind" : "GS Rx3", "awp_price" : 303, "wac_price" : 311,"ndc_status":"A","ndc_status_date":"08/14/2017","br_generic_indicator" : "BG Ind3","package_size": "24", "package_size_umo": ".25","package_description": "P D", "package_unit_dose": "5","package_quantity" : 3, "repackager_ind":"Re pac", "sd_md": "DM Ind" ,"tee_code" : "Tee Code1","inner_outer_package_indicator" : "IO_Pkg_Ind1", "manufacturer_name" : "MfgName1","cms_rebate" : 4,"date":"08/14/2017","notes_reason" :"Reason1" },
        { "Id": 3,"generic_name": "GS Generic", "brand_name": "GS Brand", "strength" : "GS strength4", "route_of_administration" : "GS RoA4", "dosage_form" : "GS DF4", "rx_otc_ind" : "GS Rx4", "awp_price" : 404, "wac_price" : 411,"ndc_status":"A","ndc_status_date":"08/14/2017","br_generic_indicator" : "BG Ind3","package_size": "24", "package_size_umo": ".25","package_description": "P D", "package_unit_dose": "5","package_quantity" : 4, "repackager_ind":"Re pac", "sd_md": "DM Ind" ,"tee_code" : "Tee Code1","inner_outer_package_indicator" : "IO_Pkg_Ind1", "manufacturer_name" : "MfgName1","cms_rebate" : 4,"date":"08/14/2017","notes_reason" :"Reason1" }
        ],
        "RJ": [
        { "Id": 1,"generic_name": "10", "generic_name_status" : 0, "brand_name": 21, "brand_name_status" : 1, "strength" : 88, "strength_status" : 2, "route_of_administration" : 30, "route_of_administration_status" : 0, "dosage_form" : 40, "dosage_form_status" : 0, "rx_otc_ind" : 50, "rx_otc_ind_status" : 2, "awp_price" : 101, "awp_price_status" : 0, "wac_price" : 111, "wac_price_status" : 0,"ndc_status":"A","ndc_status_status":0,"ndc_status_date":"08/14/2017","ndc_status_date_status":0,"br_generic_indicator" : "BG Ind4","br_generic_indicator_status":0,"package_size": "24","package_size_status":0, "package_size_umo": ".25","package_size_umo_status":1, "package_description": "P D", "package_description_status": 2, "package_unit_dose": "5", "package_unit_dose_status":2, "package_quantity" : 4,"package_quantity_status":0, "repackager_ind":"Re pac","repackager_ind_status":0, "sd_md": "DM Ind" ,"sd_md_status" : 0, "tee_code" : "Tee Code1","tee_code_status":0,"inner_outer_package_indicator" : "Pkg Ind","inner_outer_package_indicator_status":0, "manufacturer_name" : "MfgName1","manufacturer_name_status":0, "cms_rebate" : 1,"cms_rebate_status" :0, "date":"08/14/2017","date_status":0, "notes_reason" :"Reason1" },
        { "Id": 4,"generic_name": "11", "generic_name_status" : 2, "brand_name": 22, "brand_name_status" : 2, "strength" : 89, "strength_status" : 0, "route_of_administration" : 31, "route_of_administration_status" : 1, "dosage_form" : 41, "dosage_form_status" : 0, "rx_otc_ind" : 52, "rx_otc_ind_status" : 0, "awp_price" : 202, "awp_price_status" : 0, "wac_price" : 211, "wac_price_status" : 0,"ndc_status":"A","ndc_status_status":0,"ndc_status_date":"08/14/2017","ndc_status_date_status":0,"br_generic_indicator" : "BG Ind4","br_generic_indicator_status":0,"package_size": "24","package_size_status":0, "package_size_umo": ".25","package_size_umo_status":0, "package_description": "P D", "package_description_status": 0, "package_unit_dose": "5", "package_unit_dose_status":0, "package_quantity" : 3,"package_quantity_status":0, "repackager_ind":"Re pac","repackager_ind_status":0, "sd_md": "DM Ind" ,"sd_md_status" : 0, "tee_code" : "Tee Code1","tee_code_status":0,"inner_outer_package_indicator" : "Pkg Ind1","inner_outer_package_indicator_status":0, "manufacturer_name" : "MfgName1","manufacturer_name_status":0, "cms_rebate" : 2,"cms_rebate_status" :0, "date":"08/14/2017","date_status":0, "notes_reason" :"Reason1"},
        { "Id": 2,"generic_name": "13", "generic_name_status" : 0, "brand_name": 24, "brand_name_status" : 2, "strength" : 91, "strength_status" : 1, "route_of_administration" : 33, "route_of_administration_status" : 1, "dosage_form" : 43, "dosage_form_status" : 0, "rx_otc_ind" : 54, "rx_otc_ind_status" : 0, "awp_price" : 404, "awp_price_status" : 0, "wac_price" : 411, "wac_price_status" : 0,"ndc_status":"A","ndc_status_status":0,"ndc_status_date":"08/14/2017","ndc_status_date_status":0,"br_generic_indicator" : "BG Ind4","br_generic_indicator_status":0,"package_size": "24","package_size_status":0 , "package_size_umo": ".25","package_size_umo_status":0, "package_description": "P D", "package_description_status": 0, "package_unit_dose": "5", "package_unit_dose_status":0, "package_quantity" : 1,"package_quantity_status":0, "repackager_ind":"Re pac","repackager_ind_status":0, "sd_md": "DM Ind" ,"sd_md_status" : 0, "tee_code" : "Tee Code1","tee_code_status":0,"inner_outer_package_indicator" : "Pkg Ind1","inner_outer_package_indicator_status":0, "manufacturer_name" : "MfgName1","manufacturer_name_status":0, "cms_rebate" : 4,"cms_rebate_status" :0, "date":"08/14/2017","date_status":0, "notes_reason" :"Reason1"}
        ] 
      },
      "RuleFailure": [{ "Id": 1, "Rule" : "NDC Status", "Description" : "NDC status descrepancy found between source", "FailureId" : 2 }],
      "Prescribe": { "Link": "","Notes": "" },
      "PriceSpec": { "SpecificationId" : "", "Notes": "" },
      "FollowUp": { "followupDate": "" },
      "FurtherRouting": { "UserId": "", "WorkQueueId": "", "WorkQueueTypeId": "", "Notes": "" }
  },
  {
      "Id": 6,
      "ndc": "00069-4004-05",
      "NDC_Delimiter": "Description of 00069-4004-05",
      "Review":2,
      "publishNote":"",
      "DataSource": {
        "MS": [{ "Id": 1,"generic_name": "Generic Name1", "brand_name": "Brand Name1", "strength": "strength1", "route_of_administration": "RoA1", "dosage_form": "DF1", "rx_otc_ind": "Rx1", "awp_price": 100, "wac_price": 101,"ndc_status":"A","ndc_status_date":"08/14/2017","br_generic_indicator" : "BG Ind1","package_size": "24","package_size_umo": ".25", "package_description": "P D", "package_unit_dose": "5","package_quantity" : 5, "repackager_ind":"Re pac", "sd_md": "DM Ind" ,"tee_code" : "Tee Code1","inner_outer_package_indicator" : "IO_Pkg_Ind1", "manufacturer_name" : "MfgName1","cms_rebate" : 4,"date":"08/14/2017","notes_reason" :"Reason1"},
        { "Id": 4,"generic_name": "Generic Name2", "brand_name": "Brand Name2", "strength": "strength2", "route_of_administration": "RoA2", "dosage_form": "DF2", "rx_otc_ind": "Rx2", "awp_price": 200, "wac_price": 201,"ndc_status":"A","ndc_status_date":"08/14/2017","br_generic_indicator" : "BG Ind1","package_size": "24","package_size_umo": ".25", "package_description": "P D", "package_unit_dose": "5","package_quantity" : 4, "repackager_ind":"Re pac", "sd_md": "DM Ind" ,"tee_code" : "Tee Code1","inner_outer_package_indicator" : "IO_Pkg_Ind1", "manufacturer_name" : "MfgName1","cms_rebate" : 4,"date":"08/14/2017","notes_reason" :"Reason1" },
        { "Id": 2,"generic_name": "Generic Name3", "brand_name": "Brand Name3", "strength": "strength3", "route_of_administration": "RoA3", "dosage_form": "DF3", "rx_otc_ind": "Rx3", "awp_price": 300, "wac_price": 301,"ndc_status":"A","ndc_status_date":"08/14/2017","br_generic_indicator" : "BG Ind1","package_size": "24","package_size_umo": ".25", "package_description": "P D", "package_unit_dose": "5","package_quantity" : 3, "repackager_ind":"Re pac", "sd_md": "DM Ind" ,"tee_code" : "Tee Code1","inner_outer_package_indicator" : "IO_Pkg_Ind1", "manufacturer_name" : "MfgName1","cms_rebate" : 4,"date":"08/14/2017","notes_reason" :"Reason1" },
        { "Id": 3,"generic_name": "Generic Name4", "brand_name": "Brand Name4", "strength": "strength4", "route_of_administration": "RoA4", "dosage_form": "DF4", "rx_otc_ind": "Rx4", "awp_price": 400, "wac_price": 401,"ndc_status":"A","ndc_status_date":"08/14/2017","br_generic_indicator" : "BG Ind1","package_size": "24","package_size_umo": ".25", "package_description": "P D", "package_unit_dose": "5","package_quantity" : 2, "repackager_ind":"Re pac", "sd_md": "DM Ind" ,"tee_code" : "Tee Code1","inner_outer_package_indicator" : "IO_Pkg_Ind1", "manufacturer_name" : "MfgName1","cms_rebate" : 4,"date":"08/14/2017","notes_reason" :"Reason1" }
        ],
        "FDB": [{ "Id": 1,"generic_name": "fdb Generic", "brand_name": " fdb Brand", "strength" : "fdb strength1", "route_of_administration" : "fdb RoA1", "dosage_form" : "fdb DF1", "rx_otc_ind" : "fdb Rx1", "awp_price" : 101, "wac_price" : 111,"ndc_status":"A","ndc_status_date":"08/14/2017","br_generic_indicator" : "BG Ind2","package_size": "24","package_size_umo": ".25", "package_description": "P D", "package_unit_dose": "5","package_quantity" : 2, "repackager_ind":"Re pac", "sd_md": "DM Ind" ,"tee_code" : "Tee Code1","inner_outer_package_indicator" : "IO_Pkg_Ind1", "manufacturer_name" : "MfgName1","cms_rebate" : 6,"date":"08/14/2017","notes_reason" :"Reason1" },
        { "Id": 4,"generic_name": "fdb Generic", "brand_name": "fdb Brand", "strength" : "fdb strength2", "route_of_administration" : "fdb RoA2", "dosage_form" : "fdb DF2", "rx_otc_ind" : "fdb Rx2", "awp_price" : 202, "wac_price" : 211,"ndc_status":"A","ndc_status_date":"08/14/2017","br_generic_indicator" : "BG Ind2","package_size": "20","package_size_umo": ".25", "package_description": "P D", "package_unit_dose": "5","package_quantity" : 3, "repackager_ind":"Re pac", "sd_md": "DM Ind" ,"tee_code" : "Tee Code1","inner_outer_package_indicator" : "IO_Pkg_Ind1", "manufacturer_name" : "MfgName1","cms_rebate" : 6,"date":"08/14/2017","notes_reason" :"Reason1" },
        { "Id": 2,"generic_name": "fdb Generic", "brand_name": "fdb Brand", "strength" : "fdb strength3", "route_of_administration" : "fdb RoA3", "dosage_form" : "fdb DF3", "rx_otc_ind" : "fdb Rx3", "awp_price" : 303, "wac_price" : 311,"ndc_status":"A","ndc_status_date":"08/14/2017","br_generic_indicator" : "BG Ind2","package_size": "22", "package_size_umo": ".25","package_description": "P D", "package_unit_dose": "5","package_quantity" : 4, "repackager_ind":"Re pac", "sd_md": "DM Ind" ,"tee_code" : "Tee Code1","inner_outer_package_indicator" : "IO_Pkg_Ind1", "manufacturer_name" : "MfgName1","cms_rebate" : 6,"date":"08/14/2017","notes_reason" :"Reason1" },
        { "Id": 3,"generic_name": "fdb Generic", "brand_name": "fdb Brand", "strength" : "fdb strength4", "route_of_administration" : "fdb RoA4", "dosage_form" : "fdb DF4", "rx_otc_ind" : "fdb Rx4", "awp_price" : 404, "wac_price" : 411,"ndc_status":"A","ndc_status_date":"08/14/2017","br_generic_indicator" : "BG Ind2","package_size": "21", "package_size_umo": ".25","package_description": "P D", "package_unit_dose": "5","package_quantity" : 5, "repackager_ind":"Re pac", "sd_md": "DM Ind" ,"tee_code" : "Tee Code1","inner_outer_package_indicator" : "IO_Pkg_Ind1", "manufacturer_name" : "MfgName1","cms_rebate" : 6,"date":"08/14/2017","notes_reason" :"Reason1" }
        ],
        "GS": [{ "Id": 1,"generic_name": "GS Generic", "brand_name": " GS Brand", "strength" : "GS strength1", "route_of_administration" : "GS RoA1", "dosage_form" : "GS DF1", "rx_otc_ind" : "GS Rx1", "awp_price" : 101, "wac_price" : 111,"ndc_status":"A","ndc_status_date":"08/14/2017","br_generic_indicator" : "BG Ind3","package_size": "24", "package_size_umo": ".25","package_description": "P D", "package_unit_dose": "5","package_quantity" : 1, "repackager_ind":"Re pac", "sd_md": "DM Ind" ,"tee_code" : "Tee Code1","inner_outer_package_indicator" : "IO_Pkg_Ind1", "manufacturer_name" : "MfgName1","cms_rebate" :4,"date":"08/14/2017","notes_reason" :"Reason1" },
        { "Id": 2,"generic_name": "GS Generic", "brand_name": "GS Brand", "strength" : "GS strength2", "route_of_administration" : "GS RoA2", "dosage_form" : "GS DF2", "rx_otc_ind" : "GS Rx2", "awp_price" : 202, "wac_price" : 211,"ndc_status":"A","ndc_status_date":"08/14/2017","br_generic_indicator" : "BG Ind3","package_size": "24", "package_size_umo": ".25","package_description": "P D", "package_unit_dose": "5","package_quantity" : 2, "repackager_ind":"Re pac", "sd_md": "DM Ind" ,"tee_code" : "Tee Code1","inner_outer_package_indicator" : "IO_Pkg_Ind1", "manufacturer_name" : "MfgName1","cms_rebate" : 4,"date":"08/14/2017","notes_reason" :"Reason1" },
        { "Id": 4,"generic_name": "GS Generic", "brand_name": "GS Brand", "strength" : "GS strength3", "route_of_administration" : "GS RoA3", "dosage_form" : "GS DF3", "rx_otc_ind" : "GS Rx3", "awp_price" : 303, "wac_price" : 311,"ndc_status":"A","ndc_status_date":"08/14/2017","br_generic_indicator" : "BG Ind3","package_size": "24", "package_size_umo": ".25","package_description": "P D", "package_unit_dose": "5","package_quantity" : 3, "repackager_ind":"Re pac", "sd_md": "DM Ind" ,"tee_code" : "Tee Code1","inner_outer_package_indicator" : "IO_Pkg_Ind1", "manufacturer_name" : "MfgName1","cms_rebate" : 4,"date":"08/14/2017","notes_reason" :"Reason1" },
        { "Id": 3,"generic_name": "GS Generic", "brand_name": "GS Brand", "strength" : "GS strength4", "route_of_administration" : "GS RoA4", "dosage_form" : "GS DF4", "rx_otc_ind" : "GS Rx4", "awp_price" : 404, "wac_price" : 411,"ndc_status":"A","ndc_status_date":"08/14/2017","br_generic_indicator" : "BG Ind3","package_size": "24", "package_size_umo": ".25","package_description": "P D", "package_unit_dose": "5","package_quantity" : 4, "repackager_ind":"Re pac", "sd_md": "DM Ind" ,"tee_code" : "Tee Code1","inner_outer_package_indicator" : "IO_Pkg_Ind1", "manufacturer_name" : "MfgName1","cms_rebate" : 4,"date":"08/14/2017","notes_reason" :"Reason1" }
        ],
        "RJ": [
        { "Id": 1,"generic_name": "10", "generic_name_status" : 0, "brand_name": 21, "brand_name_status" : 1, "strength" : 88, "strength_status" : 2, "route_of_administration" : 30, "route_of_administration_status" : 0, "dosage_form" : 40, "dosage_form_status" : 0, "rx_otc_ind" : 50, "rx_otc_ind_status" : 2, "awp_price" : 101, "awp_price_status" : 0, "wac_price" : 111, "wac_price_status" : 0,"ndc_status":"A","ndc_status_status":0,"ndc_status_date":"08/14/2017","ndc_status_date_status":0,"br_generic_indicator" : "BG Ind4","br_generic_indicator_status":0,"package_size": "24","package_size_status":0, "package_size_umo": ".25","package_size_umo_status":1, "package_description": "P D", "package_description_status": 2, "package_unit_dose": "5", "package_unit_dose_status":2, "package_quantity" : 4,"package_quantity_status":0, "repackager_ind":"Re pac","repackager_ind_status":0, "sd_md": "DM Ind" ,"sd_md_status" : 0, "tee_code" : "Tee Code1","tee_code_status":0,"inner_outer_package_indicator" : "Pkg Ind","inner_outer_package_indicator_status":0, "manufacturer_name" : "MfgName1","manufacturer_name_status":0, "cms_rebate" : 1,"cms_rebate_status" :0, "date":"08/14/2017","date_status":0, "notes_reason" :"Reason1" },
        { "Id": 4,"generic_name": "11", "generic_name_status" : 2, "brand_name": 22, "brand_name_status" : 2, "strength" : 89, "strength_status" : 0, "route_of_administration" : 31, "route_of_administration_status" : 1, "dosage_form" : 41, "dosage_form_status" : 0, "rx_otc_ind" : 52, "rx_otc_ind_status" : 0, "awp_price" : 202, "awp_price_status" : 0, "wac_price" : 211, "wac_price_status" : 0,"ndc_status":"A","ndc_status_status":0,"ndc_status_date":"08/14/2017","ndc_status_date_status":0,"br_generic_indicator" : "BG Ind4","br_generic_indicator_status":0,"package_size": "24","package_size_status":0, "package_size_umo": ".25","package_size_umo_status":0, "package_description": "P D", "package_description_status": 0, "package_unit_dose": "5", "package_unit_dose_status":0, "package_quantity" : 3,"package_quantity_status":0, "repackager_ind":"Re pac","repackager_ind_status":0, "sd_md": "DM Ind" ,"sd_md_status" : 0, "tee_code" : "Tee Code1","tee_code_status":0,"inner_outer_package_indicator" : "Pkg Ind1","inner_outer_package_indicator_status":0, "manufacturer_name" : "MfgName1","manufacturer_name_status":0, "cms_rebate" : 2,"cms_rebate_status" :0, "date":"08/14/2017","date_status":0, "notes_reason" :"Reason1"},
        { "Id": 4,"generic_name": "11", "generic_name_status" : 2, "brand_name": 22, "brand_name_status" : 2, "strength" : 89, "strength_status" : 0, "route_of_administration" : 31, "route_of_administration_status" : 1, "dosage_form" : 41, "dosage_form_status" : 0, "rx_otc_ind" : 52, "rx_otc_ind_status" : 0, "awp_price" : 202, "awp_price_status" : 0, "wac_price" : 211, "wac_price_status" : 0,"ndc_status":"A","ndc_status_status":0,"ndc_status_date":"08/14/2017","ndc_status_date_status":0,"br_generic_indicator" : "BG Ind4","br_generic_indicator_status":0,"package_size": "24","package_size_status":0, "package_size_umo": ".25","package_size_umo_status":0, "package_description": "P D", "package_description_status": 0, "package_unit_dose": "5", "package_unit_dose_status":0, "package_quantity" : 3,"package_quantity_status":0, "repackager_ind":"Re pac","repackager_ind_status":0, "sd_md": "DM Ind" ,"sd_md_status" : 0, "tee_code" : "Tee Code1","tee_code_status":0,"inner_outer_package_indicator" : "Pkg Ind1","inner_outer_package_indicator_status":0, "manufacturer_name" : "MfgName1","manufacturer_name_status":0, "cms_rebate" : 2,"cms_rebate_status" :0, "date":"08/14/2017","date_status":0, "notes_reason" :"Reason1"},
        { "Id": 2,"generic_name": "13", "generic_name_status" : 0, "brand_name": 24, "brand_name_status" : 2, "strength" : 91, "strength_status" : 1, "route_of_administration" : 33, "route_of_administration_status" : 1, "dosage_form" : 43, "dosage_form_status" : 0, "rx_otc_ind" : 54, "rx_otc_ind_status" : 0, "awp_price" : 404, "awp_price_status" : 0, "wac_price" : 411, "wac_price_status" : 0,"ndc_status":"A","ndc_status_status":0,"ndc_status_date":"08/14/2017","ndc_status_date_status":0,"br_generic_indicator" : "BG Ind4","br_generic_indicator_status":0,"package_size": "24","package_size_status":0 , "package_size_umo": ".25","package_size_umo_status":0, "package_description": "P D", "package_description_status": 0, "package_unit_dose": "5", "package_unit_dose_status":0, "package_quantity" : 1,"package_quantity_status":0, "repackager_ind":"Re pac","repackager_ind_status":0, "sd_md": "DM Ind" ,"sd_md_status" : 0, "tee_code" : "Tee Code1","tee_code_status":0,"inner_outer_package_indicator" : "Pkg Ind1","inner_outer_package_indicator_status":0, "manufacturer_name" : "MfgName1","manufacturer_name_status":0, "cms_rebate" : 4,"cms_rebate_status" :0, "date":"08/14/2017","date_status":0, "notes_reason" :"Reason1"}
        ] 
      },
       "RuleFailure": [{ "Id": 1, "Rule" : "NDC Status", "Description" : "NDC status descrepancy found between source", "FailureId" : 2 }],
      "Prescribe": { "Link": "","Notes": "" },
      "PriceSpec": { "SpecificationId" : "", "Notes": "" },
      "FollowUp": { "followupDate": "" },
      "FurtherRouting": { "UserId": "", "WorkQueueId": "", "WorkQueueTypeId": "", "Notes": "" }
  },
  {
      "Id": 7,
      "ndc": "00069-4015-10",
      "NDC_Delimiter": "Description of 00069-4015-10",
      "Review":1,
      "publishNote":"",
      "DataSource": {
        "MS": [{ "Id": 1,"generic_name": "Generic Name1", "brand_name": "Brand Name1", "strength": "strength1", "route_of_administration": "RoA1", "dosage_form": "DF1", "rx_otc_ind": "Rx1", "awp_price": 100, "wac_price": 101,"ndc_status":"A","ndc_status_date":"08/14/2017","br_generic_indicator" : "BG Ind1","package_size": "24","package_size_umo": ".25", "package_description": "P D", "package_unit_dose": "5","package_quantity" : 5, "repackager_ind":"Re pac", "sd_md": "DM Ind" ,"tee_code" : "Tee Code1","inner_outer_package_indicator" : "IO_Pkg_Ind1", "manufacturer_name" : "MfgName1","cms_rebate" : 4,"date":"08/14/2017","notes_reason" :"Reason1"},
        { "Id": 4,"generic_name": "Generic Name2", "brand_name": "Brand Name2", "strength": "strength2", "route_of_administration": "RoA2", "dosage_form": "DF2", "rx_otc_ind": "Rx2", "awp_price": 200, "wac_price": 201,"ndc_status":"A","ndc_status_date":"08/14/2017","br_generic_indicator" : "BG Ind1","package_size": "24","package_size_umo": ".25", "package_description": "P D", "package_unit_dose": "5","package_quantity" : 4, "repackager_ind":"Re pac", "sd_md": "DM Ind" ,"tee_code" : "Tee Code1","inner_outer_package_indicator" : "IO_Pkg_Ind1", "manufacturer_name" : "MfgName1","cms_rebate" : 4,"date":"08/14/2017","notes_reason" :"Reason1" },
        { "Id": 2,"generic_name": "Generic Name3", "brand_name": "Brand Name3", "strength": "strength3", "route_of_administration": "RoA3", "dosage_form": "DF3", "rx_otc_ind": "Rx3", "awp_price": 300, "wac_price": 301,"ndc_status":"A","ndc_status_date":"08/14/2017","br_generic_indicator" : "BG Ind1","package_size": "24","package_size_umo": ".25", "package_description": "P D", "package_unit_dose": "5","package_quantity" : 3, "repackager_ind":"Re pac", "sd_md": "DM Ind" ,"tee_code" : "Tee Code1","inner_outer_package_indicator" : "IO_Pkg_Ind1", "manufacturer_name" : "MfgName1","cms_rebate" : 4,"date":"08/14/2017","notes_reason" :"Reason1" },
        { "Id": 3,"generic_name": "Generic Name4", "brand_name": "Brand Name4", "strength": "strength4", "route_of_administration": "RoA4", "dosage_form": "DF4", "rx_otc_ind": "Rx4", "awp_price": 400, "wac_price": 401,"ndc_status":"A","ndc_status_date":"08/14/2017","br_generic_indicator" : "BG Ind1","package_size": "24","package_size_umo": ".25", "package_description": "P D", "package_unit_dose": "5","package_quantity" : 2, "repackager_ind":"Re pac", "sd_md": "DM Ind" ,"tee_code" : "Tee Code1","inner_outer_package_indicator" : "IO_Pkg_Ind1", "manufacturer_name" : "MfgName1","cms_rebate" : 4,"date":"08/14/2017","notes_reason" :"Reason1" }
        ],
        "FDB": [{ "Id": 1,"generic_name": "fdb Generic", "brand_name": " fdb Brand", "strength" : "fdb strength1", "route_of_administration" : "fdb RoA1", "dosage_form" : "fdb DF1", "rx_otc_ind" : "fdb Rx1", "awp_price" : 101, "wac_price" : 111,"ndc_status":"A","ndc_status_date":"08/14/2017","br_generic_indicator" : "BG Ind2","package_size": "24","package_size_umo": ".25", "package_description": "P D", "package_unit_dose": "5","package_quantity" : 2, "repackager_ind":"Re pac", "sd_md": "DM Ind" ,"tee_code" : "Tee Code1","inner_outer_package_indicator" : "IO_Pkg_Ind1", "manufacturer_name" : "MfgName1","cms_rebate" : 6,"date":"08/14/2017","notes_reason" :"Reason1" },
        { "Id": 4,"generic_name": "fdb Generic", "brand_name": "fdb Brand", "strength" : "fdb strength2", "route_of_administration" : "fdb RoA2", "dosage_form" : "fdb DF2", "rx_otc_ind" : "fdb Rx2", "awp_price" : 202, "wac_price" : 211,"ndc_status":"A","ndc_status_date":"08/14/2017","br_generic_indicator" : "BG Ind2","package_size": "20","package_size_umo": ".25", "package_description": "P D", "package_unit_dose": "5","package_quantity" : 3, "repackager_ind":"Re pac", "sd_md": "DM Ind" ,"tee_code" : "Tee Code1","inner_outer_package_indicator" : "IO_Pkg_Ind1", "manufacturer_name" : "MfgName1","cms_rebate" : 6,"date":"08/14/2017","notes_reason" :"Reason1" },
        { "Id": 2,"generic_name": "fdb Generic", "brand_name": "fdb Brand", "strength" : "fdb strength3", "route_of_administration" : "fdb RoA3", "dosage_form" : "fdb DF3", "rx_otc_ind" : "fdb Rx3", "awp_price" : 303, "wac_price" : 311,"ndc_status":"A","ndc_status_date":"08/14/2017","br_generic_indicator" : "BG Ind2","package_size": "22", "package_size_umo": ".25","package_description": "P D", "package_unit_dose": "5","package_quantity" : 4, "repackager_ind":"Re pac", "sd_md": "DM Ind" ,"tee_code" : "Tee Code1","inner_outer_package_indicator" : "IO_Pkg_Ind1", "manufacturer_name" : "MfgName1","cms_rebate" : 6,"date":"08/14/2017","notes_reason" :"Reason1" },
        { "Id": 3,"generic_name": "fdb Generic", "brand_name": "fdb Brand", "strength" : "fdb strength4", "route_of_administration" : "fdb RoA4", "dosage_form" : "fdb DF4", "rx_otc_ind" : "fdb Rx4", "awp_price" : 404, "wac_price" : 411,"ndc_status":"A","ndc_status_date":"08/14/2017","br_generic_indicator" : "BG Ind2","package_size": "21", "package_size_umo": ".25","package_description": "P D", "package_unit_dose": "5","package_quantity" : 5, "repackager_ind":"Re pac", "sd_md": "DM Ind" ,"tee_code" : "Tee Code1","inner_outer_package_indicator" : "IO_Pkg_Ind1", "manufacturer_name" : "MfgName1","cms_rebate" : 6,"date":"08/14/2017","notes_reason" :"Reason1" }
        ],
        "GS": [{ "Id": 1,"generic_name": "GS Generic", "brand_name": " GS Brand", "strength" : "GS strength1", "route_of_administration" : "GS RoA1", "dosage_form" : "GS DF1", "rx_otc_ind" : "GS Rx1", "awp_price" : 101, "wac_price" : 111,"ndc_status":"A","ndc_status_date":"08/14/2017","br_generic_indicator" : "BG Ind3","package_size": "24", "package_size_umo": ".25","package_description": "P D", "package_unit_dose": "5","package_quantity" : 1, "repackager_ind":"Re pac", "sd_md": "DM Ind" ,"tee_code" : "Tee Code1","inner_outer_package_indicator" : "IO_Pkg_Ind1", "manufacturer_name" : "MfgName1","cms_rebate" :4,"date":"08/14/2017","notes_reason" :"Reason1" },
        { "Id": 2,"generic_name": "GS Generic", "brand_name": "GS Brand", "strength" : "GS strength2", "route_of_administration" : "GS RoA2", "dosage_form" : "GS DF2", "rx_otc_ind" : "GS Rx2", "awp_price" : 202, "wac_price" : 211,"ndc_status":"A","ndc_status_date":"08/14/2017","br_generic_indicator" : "BG Ind3","package_size": "24", "package_size_umo": ".25","package_description": "P D", "package_unit_dose": "5","package_quantity" : 2, "repackager_ind":"Re pac", "sd_md": "DM Ind" ,"tee_code" : "Tee Code1","inner_outer_package_indicator" : "IO_Pkg_Ind1", "manufacturer_name" : "MfgName1","cms_rebate" : 4,"date":"08/14/2017","notes_reason" :"Reason1" },
        { "Id": 4,"generic_name": "GS Generic", "brand_name": "GS Brand", "strength" : "GS strength3", "route_of_administration" : "GS RoA3", "dosage_form" : "GS DF3", "rx_otc_ind" : "GS Rx3", "awp_price" : 303, "wac_price" : 311,"ndc_status":"A","ndc_status_date":"08/14/2017","br_generic_indicator" : "BG Ind3","package_size": "24", "package_size_umo": ".25","package_description": "P D", "package_unit_dose": "5","package_quantity" : 3, "repackager_ind":"Re pac", "sd_md": "DM Ind" ,"tee_code" : "Tee Code1","inner_outer_package_indicator" : "IO_Pkg_Ind1", "manufacturer_name" : "MfgName1","cms_rebate" : 4,"date":"08/14/2017","notes_reason" :"Reason1" },
        { "Id": 3,"generic_name": "GS Generic", "brand_name": "GS Brand", "strength" : "GS strength4", "route_of_administration" : "GS RoA4", "dosage_form" : "GS DF4", "rx_otc_ind" : "GS Rx4", "awp_price" : 404, "wac_price" : 411,"ndc_status":"A","ndc_status_date":"08/14/2017","br_generic_indicator" : "BG Ind3","package_size": "24", "package_size_umo": ".25","package_description": "P D", "package_unit_dose": "5","package_quantity" : 4, "repackager_ind":"Re pac", "sd_md": "DM Ind" ,"tee_code" : "Tee Code1","inner_outer_package_indicator" : "IO_Pkg_Ind1", "manufacturer_name" : "MfgName1","cms_rebate" : 4,"date":"08/14/2017","notes_reason" :"Reason1" }
        ],
        "RJ": [
        { "Id": 1,"generic_name": "10", "generic_name_status" : 0, "brand_name": 21, "brand_name_status" : 1, "strength" : 88, "strength_status" : 2, "route_of_administration" : 30, "route_of_administration_status" : 0, "dosage_form" : 40, "dosage_form_status" : 0, "rx_otc_ind" : 50, "rx_otc_ind_status" : 2, "awp_price" : 101, "awp_price_status" : 0, "wac_price" : 111, "wac_price_status" : 0,"ndc_status":"A","ndc_status_status":0,"ndc_status_date":"08/14/2017","ndc_status_date_status":0,"br_generic_indicator" : "BG Ind4","br_generic_indicator_status":0,"package_size": "24","package_size_status":0, "package_size_umo": ".25","package_size_umo_status":1, "package_description": "P D", "package_description_status": 2, "package_unit_dose": "5", "package_unit_dose_status":2, "package_quantity" : 4,"package_quantity_status":0, "repackager_ind":"Re pac","repackager_ind_status":0, "sd_md": "DM Ind" ,"sd_md_status" : 0, "tee_code" : "Tee Code1","tee_code_status":0,"inner_outer_package_indicator" : "Pkg Ind","inner_outer_package_indicator_status":0, "manufacturer_name" : "MfgName1","manufacturer_name_status":0, "cms_rebate" : 1,"cms_rebate_status" :0, "date":"08/14/2017","date_status":0, "notes_reason" :"Reason1" },
        { "Id": 4,"generic_name": "11", "generic_name_status" : 2, "brand_name": 22, "brand_name_status" : 2, "strength" : 89, "strength_status" : 0, "route_of_administration" : 31, "route_of_administration_status" : 1, "dosage_form" : 41, "dosage_form_status" : 0, "rx_otc_ind" : 52, "rx_otc_ind_status" : 0, "awp_price" : 202, "awp_price_status" : 0, "wac_price" : 211, "wac_price_status" : 0,"ndc_status":"A","ndc_status_status":0,"ndc_status_date":"08/14/2017","ndc_status_date_status":0,"br_generic_indicator" : "BG Ind4","br_generic_indicator_status":0,"package_size": "24","package_size_status":0, "package_size_umo": ".25","package_size_umo_status":0, "package_description": "P D", "package_description_status": 0, "package_unit_dose": "5", "package_unit_dose_status":0, "package_quantity" : 3,"package_quantity_status":0, "repackager_ind":"Re pac","repackager_ind_status":0, "sd_md": "DM Ind" ,"sd_md_status" : 0, "tee_code" : "Tee Code1","tee_code_status":0,"inner_outer_package_indicator" : "Pkg Ind1","inner_outer_package_indicator_status":0, "manufacturer_name" : "MfgName1","manufacturer_name_status":0, "cms_rebate" : 2,"cms_rebate_status" :0, "date":"08/14/2017","date_status":0, "notes_reason" :"Reason1"},
        { "Id": 2,"generic_name": "13", "generic_name_status" : 0, "brand_name": 24, "brand_name_status" : 2, "strength" : 91, "strength_status" : 1, "route_of_administration" : 33, "route_of_administration_status" : 1, "dosage_form" : 43, "dosage_form_status" : 0, "rx_otc_ind" : 54, "rx_otc_ind_status" : 0, "awp_price" : 404, "awp_price_status" : 0, "wac_price" : 411, "wac_price_status" : 0,"ndc_status":"A","ndc_status_status":0,"ndc_status_date":"08/14/2017","ndc_status_date_status":0,"br_generic_indicator" : "BG Ind4","br_generic_indicator_status":0,"package_size": "24","package_size_status":0 , "package_size_umo": ".25","package_size_umo_status":0, "package_description": "P D", "package_description_status": 0, "package_unit_dose": "5", "package_unit_dose_status":0, "package_quantity" : 1,"package_quantity_status":0, "repackager_ind":"Re pac","repackager_ind_status":0, "sd_md": "DM Ind" ,"sd_md_status" : 0, "tee_code" : "Tee Code1","tee_code_status":0,"inner_outer_package_indicator" : "Pkg Ind1","inner_outer_package_indicator_status":0, "manufacturer_name" : "MfgName1","manufacturer_name_status":0, "cms_rebate" : 4,"cms_rebate_status" :0, "date":"08/14/2017","date_status":0, "notes_reason" :"Reason1"}
        ] 
      },
       "RuleFailure": [{ "Id": 1, "Rule" : "NDC Status", "Description" : "NDC status descrepancy found between source", "FailureId" : 2 }],
      "Prescribe": { "Link": "","Notes": "" },
      "PriceSpec": { "SpecificationId" : "", "Notes": "" },
      "FollowUp": { "followupDate": "" },
      "FurtherRouting": { "UserId": "", "WorkQueueId": "", "WorkQueueTypeId": "", "Notes": "" }
  },
  {
      "Id": 9,
      "ndc": "00069-4026-25",
      "NDC_Delimiter": "Description of 00069-4026-25",
      "Review":2,
      "publishNote":"",
      "DataSource": {
        "MS": [{ "Id": 1,"generic_name": "Generic Name1", "brand_name": "Brand Name1", "strength": "strength1", "route_of_administration": "RoA1", "dosage_form": "DF1", "rx_otc_ind": "Rx1", "awp_price": 100, "wac_price": 101,"ndc_status":"A","ndc_status_date":"08/14/2017","br_generic_indicator" : "BG Ind1","package_size": "24","package_size_umo": ".25", "package_description": "P D", "package_unit_dose": "5","package_quantity" : 5, "repackager_ind":"Re pac", "sd_md": "DM Ind" ,"tee_code" : "Tee Code1","inner_outer_package_indicator" : "IO_Pkg_Ind1", "manufacturer_name" : "MfgName1","cms_rebate" : 4,"date":"08/14/2017","notes_reason" :"Reason1"},
        { "Id": 4,"generic_name": "Generic Name2", "brand_name": "Brand Name2", "strength": "strength2", "route_of_administration": "RoA2", "dosage_form": "DF2", "rx_otc_ind": "Rx2", "awp_price": 200, "wac_price": 201,"ndc_status":"A","ndc_status_date":"08/14/2017","br_generic_indicator" : "BG Ind1","package_size": "24","package_size_umo": ".25", "package_description": "P D", "package_unit_dose": "5","package_quantity" : 4, "repackager_ind":"Re pac", "sd_md": "DM Ind" ,"tee_code" : "Tee Code1","inner_outer_package_indicator" : "IO_Pkg_Ind1", "manufacturer_name" : "MfgName1","cms_rebate" : 4,"date":"08/14/2017","notes_reason" :"Reason1" },
        { "Id": 2,"generic_name": "Generic Name3", "brand_name": "Brand Name3", "strength": "strength3", "route_of_administration": "RoA3", "dosage_form": "DF3", "rx_otc_ind": "Rx3", "awp_price": 300, "wac_price": 301,"ndc_status":"A","ndc_status_date":"08/14/2017","br_generic_indicator" : "BG Ind1","package_size": "24","package_size_umo": ".25", "package_description": "P D", "package_unit_dose": "5","package_quantity" : 3, "repackager_ind":"Re pac", "sd_md": "DM Ind" ,"tee_code" : "Tee Code1","inner_outer_package_indicator" : "IO_Pkg_Ind1", "manufacturer_name" : "MfgName1","cms_rebate" : 4,"date":"08/14/2017","notes_reason" :"Reason1" },
        { "Id": 3,"generic_name": "Generic Name4", "brand_name": "Brand Name4", "strength": "strength4", "route_of_administration": "RoA4", "dosage_form": "DF4", "rx_otc_ind": "Rx4", "awp_price": 400, "wac_price": 401,"ndc_status":"A","ndc_status_date":"08/14/2017","br_generic_indicator" : "BG Ind1","package_size": "24","package_size_umo": ".25", "package_description": "P D", "package_unit_dose": "5","package_quantity" : 2, "repackager_ind":"Re pac", "sd_md": "DM Ind" ,"tee_code" : "Tee Code1","inner_outer_package_indicator" : "IO_Pkg_Ind1", "manufacturer_name" : "MfgName1","cms_rebate" : 4,"date":"08/14/2017","notes_reason" :"Reason1" }
        ],
        "FDB": [{ "Id": 1,"generic_name": "fdb Generic", "brand_name": " fdb Brand", "strength" : "fdb strength1", "route_of_administration" : "fdb RoA1", "dosage_form" : "fdb DF1", "rx_otc_ind" : "fdb Rx1", "awp_price" : 101, "wac_price" : 111,"ndc_status":"A","ndc_status_date":"08/14/2017","br_generic_indicator" : "BG Ind2","package_size": "24","package_size_umo": ".25", "package_description": "P D", "package_unit_dose": "5","package_quantity" : 2, "repackager_ind":"Re pac", "sd_md": "DM Ind" ,"tee_code" : "Tee Code1","inner_outer_package_indicator" : "IO_Pkg_Ind1", "manufacturer_name" : "MfgName1","cms_rebate" : 6,"date":"08/14/2017","notes_reason" :"Reason1" },
        { "Id": 4,"generic_name": "fdb Generic", "brand_name": "fdb Brand", "strength" : "fdb strength2", "route_of_administration" : "fdb RoA2", "dosage_form" : "fdb DF2", "rx_otc_ind" : "fdb Rx2", "awp_price" : 202, "wac_price" : 211,"ndc_status":"A","ndc_status_date":"08/14/2017","br_generic_indicator" : "BG Ind2","package_size": "20","package_size_umo": ".25", "package_description": "P D", "package_unit_dose": "5","package_quantity" : 3, "repackager_ind":"Re pac", "sd_md": "DM Ind" ,"tee_code" : "Tee Code1","inner_outer_package_indicator" : "IO_Pkg_Ind1", "manufacturer_name" : "MfgName1","cms_rebate" : 6,"date":"08/14/2017","notes_reason" :"Reason1" },
        { "Id": 2,"generic_name": "fdb Generic", "brand_name": "fdb Brand", "strength" : "fdb strength3", "route_of_administration" : "fdb RoA3", "dosage_form" : "fdb DF3", "rx_otc_ind" : "fdb Rx3", "awp_price" : 303, "wac_price" : 311,"ndc_status":"A","ndc_status_date":"08/14/2017","br_generic_indicator" : "BG Ind2","package_size": "22", "package_size_umo": ".25","package_description": "P D", "package_unit_dose": "5","package_quantity" : 4, "repackager_ind":"Re pac", "sd_md": "DM Ind" ,"tee_code" : "Tee Code1","inner_outer_package_indicator" : "IO_Pkg_Ind1", "manufacturer_name" : "MfgName1","cms_rebate" : 6,"date":"08/14/2017","notes_reason" :"Reason1" },
        { "Id": 2,"generic_name": "fdb Generic", "brand_name": "fdb Brand", "strength" : "fdb strength3", "route_of_administration" : "fdb RoA3", "dosage_form" : "fdb DF3", "rx_otc_ind" : "fdb Rx3", "awp_price" : 303, "wac_price" : 311,"ndc_status":"A","ndc_status_date":"08/14/2017","br_generic_indicator" : "BG Ind2","package_size": "22", "package_size_umo": ".25","package_description": "P D", "package_unit_dose": "5","package_quantity" : 4, "repackager_ind":"Re pac", "sd_md": "DM Ind" ,"tee_code" : "Tee Code1","inner_outer_package_indicator" : "IO_Pkg_Ind1", "manufacturer_name" : "MfgName1","cms_rebate" : 6,"date":"08/14/2017","notes_reason" :"Reason1" },
        { "Id": 3,"generic_name": "fdb Generic", "brand_name": "fdb Brand", "strength" : "fdb strength4", "route_of_administration" : "fdb RoA4", "dosage_form" : "fdb DF4", "rx_otc_ind" : "fdb Rx4", "awp_price" : 404, "wac_price" : 411,"ndc_status":"A","ndc_status_date":"08/14/2017","br_generic_indicator" : "BG Ind2","package_size": "21", "package_size_umo": ".25","package_description": "P D", "package_unit_dose": "5","package_quantity" : 5, "repackager_ind":"Re pac", "sd_md": "DM Ind" ,"tee_code" : "Tee Code1","inner_outer_package_indicator" : "IO_Pkg_Ind1", "manufacturer_name" : "MfgName1","cms_rebate" : 6,"date":"08/14/2017","notes_reason" :"Reason1" }
        ],
        "GS": [{ "Id": 1,"generic_name": "GS Generic", "brand_name": "GS Brand", "strength" : "GS strength1", "route_of_administration" : "GS RoA1", "dosage_form" : "GS DF1", "rx_otc_ind" : "GS Rx1", "awp_price" : 101, "wac_price" : 111,"ndc_status":"A","ndc_status_date":"08/14/2017","br_generic_indicator" : "BG Ind3","package_size": "24", "package_size_umo": ".25","package_description": "P D", "package_unit_dose": "5","package_quantity" : 1, "repackager_ind":"Re pac", "sd_md": "DM Ind" ,"tee_code" : "Tee Code1","inner_outer_package_indicator" : "IO_Pkg_Ind1", "manufacturer_name" : "MfgName1","cms_rebate" :4,"date":"08/14/2017","notes_reason" :"Reason1" },
        { "Id": 2,"generic_name": "GS Generic", "brand_name": "GS Brand", "strength" : "GS strength2", "route_of_administration" : "GS RoA2", "dosage_form" : "GS DF2", "rx_otc_ind" : "GS Rx2", "awp_price" : 202, "wac_price" : 211,"ndc_status":"A","ndc_status_date":"08/14/2017","br_generic_indicator" : "BG Ind3","package_size": "24", "package_size_umo": ".25","package_description": "P D", "package_unit_dose": "5","package_quantity" : 2, "repackager_ind":"Re pac", "sd_md": "DM Ind" ,"tee_code" : "Tee Code1","inner_outer_package_indicator" : "IO_Pkg_Ind1", "manufacturer_name" : "MfgName1","cms_rebate" : 4,"date":"08/14/2017","notes_reason" :"Reason1" },
        { "Id": 4,"generic_name": "GS Generic", "brand_name": "GS Brand", "strength" : "GS strength3", "route_of_administration" : "GS RoA3", "dosage_form" : "GS DF3", "rx_otc_ind" : "GS Rx3", "awp_price" : 303, "wac_price" : 311,"ndc_status":"A","ndc_status_date":"08/14/2017","br_generic_indicator" : "BG Ind3","package_size": "24", "package_size_umo": ".25","package_description": "P D", "package_unit_dose": "5","package_quantity" : 3, "repackager_ind":"Re pac", "sd_md": "DM Ind" ,"tee_code" : "Tee Code1","inner_outer_package_indicator" : "IO_Pkg_Ind1", "manufacturer_name" : "MfgName1","cms_rebate" : 4,"date":"08/14/2017","notes_reason" :"Reason1" },
        { "Id": 3,"generic_name": "GS Generic", "brand_name": "GS Brand", "strength" : "GS strength4", "route_of_administration" : "GS RoA4", "dosage_form" : "GS DF4", "rx_otc_ind" : "GS Rx4", "awp_price" : 404, "wac_price" : 411,"ndc_status":"A","ndc_status_date":"08/14/2017","br_generic_indicator" : "BG Ind3","package_size": "24", "package_size_umo": ".25","package_description": "P D", "package_unit_dose": "5","package_quantity" : 4, "repackager_ind":"Re pac", "sd_md": "DM Ind" ,"tee_code" : "Tee Code1","inner_outer_package_indicator" : "IO_Pkg_Ind1", "manufacturer_name" : "MfgName1","cms_rebate" : 4,"date":"08/14/2017","notes_reason" :"Reason1" }
        ],
        "RJ": [
        { "Id": 1,"generic_name": "10", "generic_name_status" : 0, "brand_name": 21, "brand_name_status" : 1, "strength" : 88, "strength_status" : 2, "route_of_administration" : 30, "route_of_administration_status" : 0, "dosage_form" : 40, "dosage_form_status" : 0, "rx_otc_ind" : 50, "rx_otc_ind_status" : 2, "awp_price" : 101, "awp_price_status" : 0, "wac_price" : 111, "wac_price_status" : 0,"ndc_status":"A","ndc_status_status":0,"ndc_status_date":"08/14/2017","ndc_status_date_status":0,"br_generic_indicator" : "BG Ind4","br_generic_indicator_status":0,"package_size": "24","package_size_status":0, "package_size_umo": ".25","package_size_umo_status":1, "package_description": "P D", "package_description_status": 2, "package_unit_dose": "5", "package_unit_dose_status":2, "package_quantity" : 4,"package_quantity_status":0, "repackager_ind":"Re pac","repackager_ind_status":0, "sd_md": "DM Ind" ,"sd_md_status" : 0, "tee_code" : "Tee Code1","tee_code_status":0,"inner_outer_package_indicator" : "Pkg Ind","inner_outer_package_indicator_status":0, "manufacturer_name" : "MfgName1","manufacturer_name_status":0, "cms_rebate" : 1,"cms_rebate_status" :0, "date":"08/14/2017","date_status":0, "notes_reason" :"Reason1" },
        { "Id": 4,"generic_name": "11", "generic_name_status" : 2, "brand_name": 22, "brand_name_status" : 2, "strength" : 89, "strength_status" : 0, "route_of_administration" : 31, "route_of_administration_status" : 1, "dosage_form" : 41, "dosage_form_status" : 0, "rx_otc_ind" : 52, "rx_otc_ind_status" : 0, "awp_price" : 202, "awp_price_status" : 0, "wac_price" : 211, "wac_price_status" : 0,"ndc_status":"A","ndc_status_status":0,"ndc_status_date":"08/14/2017","ndc_status_date_status":0,"br_generic_indicator" : "BG Ind4","br_generic_indicator_status":0,"package_size": "24","package_size_status":0, "package_size_umo": ".25","package_size_umo_status":0, "package_description": "P D", "package_description_status": 0, "package_unit_dose": "5", "package_unit_dose_status":0, "package_quantity" : 3,"package_quantity_status":0, "repackager_ind":"Re pac","repackager_ind_status":0, "sd_md": "DM Ind" ,"sd_md_status" : 0, "tee_code" : "Tee Code1","tee_code_status":0,"inner_outer_package_indicator" : "Pkg Ind1","inner_outer_package_indicator_status":0, "manufacturer_name" : "MfgName1","manufacturer_name_status":0, "cms_rebate" : 2,"cms_rebate_status" :0, "date":"08/14/2017","date_status":0, "notes_reason" :"Reason1"},
        { "Id": 2,"generic_name": "13", "generic_name_status" : 0, "brand_name": 24, "brand_name_status" : 2, "strength" : 91, "strength_status" : 1, "route_of_administration" : 33, "route_of_administration_status" : 1, "dosage_form" : 43, "dosage_form_status" : 0, "rx_otc_ind" : 54, "rx_otc_ind_status" : 0, "awp_price" : 404, "awp_price_status" : 0, "wac_price" : 411, "wac_price_status" : 0,"ndc_status":"A","ndc_status_status":0,"ndc_status_date":"08/14/2017","ndc_status_date_status":0,"br_generic_indicator" : "BG Ind4","br_generic_indicator_status":0,"package_size": "24","package_size_status":0 , "package_size_umo": ".25","package_size_umo_status":0, "package_description": "P D", "package_description_status": 0, "package_unit_dose": "5", "package_unit_dose_status":0, "package_quantity" : 1,"package_quantity_status":0, "repackager_ind":"Re pac","repackager_ind_status":0, "sd_md": "DM Ind" ,"sd_md_status" : 0, "tee_code" : "Tee Code1","tee_code_status":0,"inner_outer_package_indicator" : "Pkg Ind1","inner_outer_package_indicator_status":0, "manufacturer_name" : "MfgName1","manufacturer_name_status":0, "cms_rebate" : 4,"cms_rebate_status" :0, "date":"08/14/2017","date_status":0, "notes_reason" :"Reason1"}
        ] 
      },
       "RuleFailure": [{ "Id": 1, "Rule" : "NDC Status", "Description" : "NDC status descrepancy found between source", "FailureId" : 2 }],
      "Prescribe": { "Link": "","Notes": "" },
      "PriceSpec": { "SpecificationId" : "", "Notes": "" },
      "FollowUp": { "followupDate": "" },
      "FurtherRouting": { "UserId": "", "WorkQueueId": "", "WorkQueueTypeId": "", "Notes": "" }
  }
]

  
