{
"mockhcpcCodeList":
[
    { "id": 1, "hcpc": "Code-1111", "hcpc_desc": "Description for 1111" },
	{ "id": 2, "hcpc": "Code-1112", "hcpc_desc": "Description for 1112" },
	{ "id": 3, "hcpc": "Code-1113", "hcpc_desc": "Description for 1113" }	
],
"mockhcpcInfoCodeList":
[
    { "hcpc_infoCode_id": 1, "hcpc": "1111", "info_code": "InfoCode-1022","is_selected":  false },
	{ "hcpc_infoCode_id": 2, "hcpc": "1111", "info_code": "InfoCode-1023","is_selected":  false },
	{ "hcpc_infoCode_id": 3, "hcpc": "1111", "info_code": "InfoCode-1024","is_selected":  false}	
]
}