[
    { "id": 1, "info_code": "InfoCode-1022", "info_note": "Note for 1111","is_selected":  false },
	{ "id": 2, "info_code": "InfoCode-1023", "info_note": "Note for 1112" ,"is_selected":  false},
	{ "id": 3, "info_code": "InfoCode-1024", "info_note": "Note for 1113" ,"is_selected":  false},
	{ "id": 4, "info_code": "InfoCode-1025", "info_note": "Note for 1114" ,"is_selected":  false},
	{ "id": 5, "info_code": "InfoCode-1026", "info_note": "Note for 1115" ,"is_selected":  false},
	{ "id": 6, "info_code": "InfoCode-1027", "info_note": "Note for 1116" ,"is_selected":  false}

]