{
"mockRuleFailureUpdate": 
    [
      { "Id" : 0, "description" : "Select" },
      { "Id" : 1, "description" : "Failure Resolved" },
      { "Id" : 2, "description" : "Failure Not resolved" }
    ],
"mockWorkQueue":
    [
      { "Id" : 0, "description" : "Select" },
      { "Id" : 1, "description" : "NDC" },
      { "Id" : 2, "description" : "HCPC" },
      { "Id" : 3, "description" : "Conversion" }
    ],
"mockWorkQueueType" : 
    [
      { "Id" : 0, "description" : "Select" },
      { "Id" : 1, "description" : "Initial Review" },
      { "Id" : 2, "description" : "Second Level Review" }
    ],
"mockUser" : 
    [
      { "Id" : 0, "description" : "Select" },
      { "Id" : 1, "description" : "user 1" },
      { "Id" : 2, "description" : "user 2" },
      { "Id" : 3, "description" : "user 3" },
      { "Id" : 4, "description" : "user 4" }
    ],

    "HomeGridDropdown" :
     [
      { "id": "SortBy", "value": "Sort By" },
      { "id": "ImpactedElement", "value": "Impacted Element" },
      { "id": "RuleFailure", "value": "Rule Failure" },
      { "id": "AttributeFailed", "value": "Attribute Failed" },
      { "id": "Status", "value": "Status" },
      { "id": "DateAdded", "value": "Date Added" }
    ]
}