{
      "Id": 1,
      "NDC": "00069-3031-20",
      "NDC_Delimiter": "Description of 00069-3031-20",
      "DataSource": {
        "MS": [{ "Id": 1,"Generic_Name": "Generic Name1", "Brand_Name": "Brand Name1", "Strenth": "Strenth1", "RoA": "RoA1", "DF": "DF1", "Rx_OTC_Ind": "Rx1", "AWPPrice": 100, "WACPrice": 101,"Br_Generic_Indicator" : "BG Ind1","Package_Size": "24","Package_Size_UoM": ".25", "Package_Description": "P D", "Package_Unit_Dose": "5","Package_Quantity" : 5, "Repackager_Ind":"Re pac", "SD_MD": "DM Ind" ,"Tee_Code" : "Tee Code1","IO_Pkg_Ind" : "IO_Pkg_Ind1", "Manufacturer_Name" : "MfgName1","CMS_Rebet" : 4,"Date":"08/14/2017","Reason" :"Reason1"},
        { "Id": 4,"Generic_Name": "Generic Name2", "Brand_Name": "Brand Name2", "Strenth": "Strenth2", "RoA": "RoA2", "DF": "DF2", "Rx_OTC_Ind": "Rx2", "AWPPrice": 200, "WACPrice": 201,"Br_Generic_Indicator" : "BG Ind1","Package_Size": "24","Package_Size_UoM": ".25", "Package_Description": "P D", "Package_Unit_Dose": "5","Package_Quantity" : 4, "Repackager_Ind":"Re pac", "SD_MD": "DM Ind" ,"Tee_Code" : "Tee Code1","IO_Pkg_Ind" : "IO_Pkg_Ind1", "Manufacturer_Name" : "MfgName1","CMS_Rebet" : 4,"Date":"08/14/2017","Reason" :"Reason1" },
        { "Id": 2,"Generic_Name": "Generic Name3", "Brand_Name": "Brand Name3", "Strenth": "Strenth3", "RoA": "RoA3", "DF": "DF3", "Rx_OTC_Ind": "Rx3", "AWPPrice": 300, "WACPrice": 301,"Br_Generic_Indicator" : "BG Ind1","Package_Size": "24","Package_Size_UoM": ".25", "Package_Description": "P D", "Package_Unit_Dose": "5","Package_Quantity" : 3, "Repackager_Ind":"Re pac", "SD_MD": "DM Ind" ,"Tee_Code" : "Tee Code1","IO_Pkg_Ind" : "IO_Pkg_Ind1", "Manufacturer_Name" : "MfgName1","CMS_Rebet" : 4,"Date":"08/14/2017","Reason" :"Reason1" },
        { "Id": 3,"Generic_Name": "Generic Name4", "Brand_Name": "Brand Name4", "Strenth": "Strenth4", "RoA": "RoA4", "DF": "DF4", "Rx_OTC_Ind": "Rx4", "AWPPrice": 400, "WACPrice": 401,"Br_Generic_Indicator" : "BG Ind1","Package_Size": "24","Package_Size_UoM": ".25", "Package_Description": "P D", "Package_Unit_Dose": "5","Package_Quantity" : 2, "Repackager_Ind":"Re pac", "SD_MD": "DM Ind" ,"Tee_Code" : "Tee Code1","IO_Pkg_Ind" : "IO_Pkg_Ind1", "Manufacturer_Name" : "MfgName1","CMS_Rebet" : 4,"Date":"08/14/2017","Reason" :"Reason1" }
        ],
        "FDB": [{ "Id": 1,"Generic_Name": "fdb Generic", "Brand_Name": " fdb Brand", "Strenth" : "fdb Strenth1", "RoA" : "fdb RoA1", "DF" : "fdb DF1", "Rx_OTC_Ind" : "fdb Rx1", "AWPPrice" : 101, "WACPrice" : 111,"Br_Generic_Indicator" : "BG Ind2","Package_Size": "24","Package_Size_UoM": ".25", "Package_Description": "P D", "Package_Unit_Dose": "5","Package_Quantity" : 2, "Repackager_Ind":"Re pac", "SD_MD": "DM Ind" ,"Tee_Code" : "Tee Code1","IO_Pkg_Ind" : "IO_Pkg_Ind1", "Manufacturer_Name" : "MfgName1","CMS_Rebet" : 6,"Date":"08/14/2017","Reason" :"Reason1" },
        { "Id": 4,"Generic_Name": "fdb Generic", "Brand_Name": "fdb Brand", "Strenth" : "fdb Strenth2", "RoA" : "fdb RoA2", "DF" : "fdb DF2", "Rx_OTC_Ind" : "fdb Rx2", "AWPPrice" : 202, "WACPrice" : 211,"Br_Generic_Indicator" : "BG Ind2","Package_Size": "20","Package_Size_UoM": ".25", "Package_Description": "P D", "Package_Unit_Dose": "5","Package_Quantity" : 3, "Repackager_Ind":"Re pac", "SD_MD": "DM Ind" ,"Tee_Code" : "Tee Code1","IO_Pkg_Ind" : "IO_Pkg_Ind1", "Manufacturer_Name" : "MfgName1","CMS_Rebet" : 6,"Date":"08/14/2017","Reason" :"Reason1" },
        { "Id": 2,"Generic_Name": "fdb Generic", "Brand_Name": "fdb Brand", "Strenth" : "fdb Strenth3", "RoA" : "fdb RoA3", "DF" : "fdb DF3", "Rx_OTC_Ind" : "fdb Rx3", "AWPPrice" : 303, "WACPrice" : 311,"Br_Generic_Indicator" : "BG Ind2","Package_Size": "22", "Package_Size_UoM": ".25","Package_Description": "P D", "Package_Unit_Dose": "5","Package_Quantity" : 4, "Repackager_Ind":"Re pac", "SD_MD": "DM Ind" ,"Tee_Code" : "Tee Code1","IO_Pkg_Ind" : "IO_Pkg_Ind1", "Manufacturer_Name" : "MfgName1","CMS_Rebet" : 6,"Date":"08/14/2017","Reason" :"Reason1" },
        { "Id": 3,"Generic_Name": "fdb Generic", "Brand_Name": "fdb Brand", "Strenth" : "fdb Strenth4", "RoA" : "fdb RoA4", "DF" : "fdb DF4", "Rx_OTC_Ind" : "fdb Rx4", "AWPPrice" : 404, "WACPrice" : 411,"Br_Generic_Indicator" : "BG Ind2","Package_Size": "21", "Package_Size_UoM": ".25","Package_Description": "P D", "Package_Unit_Dose": "5","Package_Quantity" : 5, "Repackager_Ind":"Re pac", "SD_MD": "DM Ind" ,"Tee_Code" : "Tee Code1","IO_Pkg_Ind" : "IO_Pkg_Ind1", "Manufacturer_Name" : "MfgName1","CMS_Rebet" : 6,"Date":"08/14/2017","Reason" :"Reason1" }
        ],
        "GS": [{ "Id": 1,"Generic_Name": "GS Generic", "Brand_Name": " GS Brand", "Strenth" : "GS Strenth1", "RoA" : "GS RoA1", "DF" : "GS DF1", "Rx_OTC_Ind" : "GS Rx1", "AWPPrice" : 101, "WACPrice" : 111,"Br_Generic_Indicator" : "BG Ind3","Package_Size": "24", "Package_Size_UoM": ".25","Package_Description": "P D", "Package_Unit_Dose": "5","Package_Quantity" : 1, "Repackager_Ind":"Re pac", "SD_MD": "DM Ind" ,"Tee_Code" : "Tee Code1","IO_Pkg_Ind" : "IO_Pkg_Ind1", "Manufacturer_Name" : "MfgName1","CMS_Rebet" :4,"Date":"08/14/2017","Reason" :"Reason1" },
        { "Id": 2,"Generic_Name": "GS Generic", "Brand_Name": "GS Brand", "Strenth" : "GS Strenth2", "RoA" : "GS RoA2", "DF" : "GS DF2", "Rx_OTC_Ind" : "GS Rx2", "AWPPrice" : 202, "WACPrice" : 211,"Br_Generic_Indicator" : "BG Ind3","Package_Size": "24", "Package_Size_UoM": ".25","Package_Description": "P D", "Package_Unit_Dose": "5","Package_Quantity" : 2, "Repackager_Ind":"Re pac", "SD_MD": "DM Ind" ,"Tee_Code" : "Tee Code1","IO_Pkg_Ind" : "IO_Pkg_Ind1", "Manufacturer_Name" : "MfgName1","CMS_Rebet" : 4,"Date":"08/14/2017","Reason" :"Reason1" },
        { "Id": 4,"Generic_Name": "GS Generic", "Brand_Name": "GS Brand", "Strenth" : "GS Strenth3", "RoA" : "GS RoA3", "DF" : "GS DF3", "Rx_OTC_Ind" : "GS Rx3", "AWPPrice" : 303, "WACPrice" : 311,"Br_Generic_Indicator" : "BG Ind3","Package_Size": "24", "Package_Size_UoM": ".25","Package_Description": "P D", "Package_Unit_Dose": "5","Package_Quantity" : 3, "Repackager_Ind":"Re pac", "SD_MD": "DM Ind" ,"Tee_Code" : "Tee Code1","IO_Pkg_Ind" : "IO_Pkg_Ind1", "Manufacturer_Name" : "MfgName1","CMS_Rebet" : 4,"Date":"08/14/2017","Reason" :"Reason1" },
        { "Id": 3,"Generic_Name": "GS Generic", "Brand_Name": "GS Brand", "Strenth" : "GS Strenth4", "RoA" : "GS RoA4", "DF" : "GS DF4", "Rx_OTC_Ind" : "GS Rx4", "AWPPrice" : 404, "WACPrice" : 411,"Br_Generic_Indicator" : "BG Ind3","Package_Size": "24", "Package_Size_UoM": ".25","Package_Description": "P D", "Package_Unit_Dose": "5","Package_Quantity" : 4, "Repackager_Ind":"Re pac", "SD_MD": "DM Ind" ,"Tee_Code" : "Tee Code1","IO_Pkg_Ind" : "IO_Pkg_Ind1", "Manufacturer_Name" : "MfgName1","CMS_Rebet" : 4,"Date":"08/14/2017","Reason" :"Reason1" }
        ],
        "RJ": [
        { "Id": 1,"Generic_Name": "10", "Generic_NameStatus" : 0, "Brand_Name": 21, "Brand_NameStatus" : 1, "Strenth" : 88, "StrenthStatus" : 2, "RoA" : 30, "RoAStatus" : 0, "DF" : 40, "DFStatus" : 0, "Rx_OTC_Ind" : 50, "Rx_OTC_IndStatus" : 2, "AWPPrice" : 101, "AWPPriceStatus" : 0, "WACPrice" : 111, "WACPriceStatus" : 0,"Br_Generic_Indicator" : "BG Ind4","Br_Generic_IndicatorStatus":0,"Package_Size": "24","Package_SizeStatus":0, "Package_Size_UoM": ".25","Package_Size_UoMStatus":1, "Package_Description": "P D", "Package_DescriptionStatus": 2, "Package_Unit_Dose": "5", "Package_Unit_DoseStatus":2, "Package_Quantity" : 4,"Package_QuantityStatus":0, "Repackager_Ind":"Re pac","Repackager_IndStatus":0, "SD_MD": "DM Ind" ,"SD_MDStatus" : 0, "Tee_Code" : "Tee Code1","Tee_CodeStatus":0,"IO_Pkg_Ind" : "Pkg Ind","IO_Pkg_IndStatus":0, "Manufacturer_Name" : "MfgName1","Manufacturer_NameStatus":0, "CMS_Rebet" : 1,"CMS_RebetStatus" :0, "Date":"08/14/2017","DateStatus":0, "Reason" :"Reason1","ReasonStatus":0 },
        { "Id": 4,"Generic_Name": "11", "Generic_NameStatus" : 2, "Brand_Name": 22, "Brand_NameStatus" : 2, "Strenth" : 89, "StrenthStatus" : 0, "RoA" : 31, "RoAStatus" : 1, "DF" : 41, "DFStatus" : 0, "Rx_OTC_Ind" : 52, "Rx_OTC_IndStatus" : 0, "AWPPrice" : 202, "AWPPriceStatus" : 0, "WACPrice" : 211, "WACPriceStatus" : 0,"Br_Generic_Indicator" : "BG Ind4","Br_Generic_IndicatorStatus":0,"Package_Size": "24","Package_SizeStatus":0, "Package_Size_UoM": ".25","Package_SizeUoMStatus":0, "Package_Description": "P D", "Package_DescriptionStatus": 0, "Package_Unit_Dose": "5", "Package_Unit_DoseStatus":0, "Package_Quantity" : 3,"Package_QuantityStatus":0, "Repackager_Ind":"Re pac","Repackager_IndStatus":0, "SD_MD": "DM Ind" ,"SD_MDStatus" : 0, "Tee_Code" : "Tee Code1","TeeCodeStatus":0,"IO_Pkg_Ind" : "Pkg Ind1","IO_Pkg_IndStatus":0, "Manufacturer_Name" : "MfgName1","Manufacturer_NameStatus":0, "CMS_Rebet" : 2,"CMS_RebetStatus" :0, "Date":"08/14/2017","DateStatus":0, "Reason" :"Reason1","ReasonStatus":0},
        { "Id": 2,"Generic_Name": "13", "Generic_NameStatus" : 0, "Brand_Name": 24, "Brand_NameStatus" : 2, "Strenth" : 91, "StrenthStatus" : 1, "RoA" : 33, "RoAStatus" : 1, "DF" : 43, "DFStatus" : 0, "Rx_OTC_Ind" : 54, "Rx_OTC_IndStatus" : 0, "AWPPrice" : 404, "AWPPriceStatus" : 0, "WACPrice" : 411, "WACPriceStatus" : 0,"Br_Generic_Indicator" : "BG Ind4","Br_Generic_IndicatorStatus":0,"Package_Size": "24","Package_SizeStatus":0 , "Package_Size_UoM": ".25","Package_SizeUoMStatus":0, "Package_Description": "P D", "Package_DescriptionStatus": 0, "Package_Unit_Dose": "5", "Package_Unit_DoseStatus":0, "Package_Quantity" : 1,"Package_QuantityStatus":0, "Repackager_Ind":"Re pac","Repackager_IndStatus":0, "SD_MD": "DM Ind" ,"SD_MDStatus" : 0, "Tee_Code" : "Tee Code1","TeeCodeStatus":0,"IO_Pkg_Ind" : "Pkg Ind1","IO_Pkg_IndStatus":0, "Manufacturer_Name" : "MfgName1","Manufacturer_NameStatus":0, "CMS_Rebet" : 4,"CMS_RebetStatus" :0, "Date":"08/14/2017","DateStatus":0, "Reason" :"Reason1","ReasonStatus":0}
        ] 
      },
      "RuleFailure": [{ "Id": 1, "Rule" : "NDC Status", "Description" : "NDC status descrepancy found between source", "FailureId" : 2 },
      { "Id": 2, "Rule" : "AWP Price", "Description" : "AWP unit price descrepancy found between source", "FailureId" : 1 }],
      "Prescribe": { "Link": "","Notes": "" },
      "PriceSpec": { "SpecificationId" : "", "Notes": "" },
      "FollowUp": { "followupDate": "" },
      "FurtherRouting": { "UserId": "", "WorkQueueId": "", "WorkQueueTypeId": "", "Notes": "" }
  }
  