{     
      //"Data_Source_ID":1,
      "MS": [{ "Price_Effective": "08/08/2017", "Unit_Price": 1.0 },
      { "Price_Effective": "08/09/2017", "Unit_Price": 2.2 },
      { "Price_Effective": "08/15/2017", "Unit_Price": 2.1 },
      { "Price_Effective": "08/08/2017", "Unit_Price": 2.8 }
      ],
      "RB": [{ "Price_Effective": "08/04/2017", "Unit_Price": 7.9 },
      { "Price_Effective": "08/09/2017", "Unit_Price": 2.4 },
      { "Price_Effective": "08/06/2017", "Unit_Price": 10.9 },
      { "Price_Effective": "08/01/2017", "Unit_Price": 2.5 }
      ],
      "FDB": [{ "Price_Effective": "08/08/2017", "Unit_Price": 2.50 },
      { "Price_Effective": "08/06/2017", "Unit_Price": 2.55 },
      { "Price_Effective": "08/11/2017", "Unit_Price": 2.6 },
      { "Price_Effective": "08/14/2017", "Unit_Price": 3.9 }
      ],
      "GS": [{ "Price_Effective": "08/02/2017", "Unit_Price": 2.4 },
      { "Price_Effective": "08/03/2017", "Unit_Price": 2.5 },
      { "Price_Effective": "08/08/2017", "Unit_Price": 2.9 },
      { "Price_Effective": "08/07/2017", "Unit_Price": 3.0 }
      ],
      "RJ": [{ "Price_Effective": "08/04/2017", "Unit_Price": 6.9 },
      { "Price_Effective": "08/09/2017", "Unit_Price": 3.4 },
      { "Price_Effective": "08/06/2017", "Unit_Price": 18.9 },
      { "Price_Effective": "08/01/2017", "Unit_Price": 2.5 }
     ]
}