[
{
	"task_id" : 1,
	"is_ndc_followup" : "true",
	"NDC" : "70860-0105-20",
	"DrugName" : "abc",
	"HCPC": "70860-0105-20",
    "Date": "08/20/2017"
},
{
	"task_id" : 2,
	"is_ndc_followup" : "false",
	"NDC" : "70860-0105-21",
	"DrugName" : "xyz",
	"HCPC": "70860-0105-21",
    "Date": "08/29/2017"
},
{
	"task_id" : 3,
	"is_ndc_followup" : "false",
	"NDC" : "70860-0105-21",
	"DrugName" : "xyz",
	"HCPC": "70860-0105-21",
    "Date": "08/29/2017"
},
{
	"task_id" : 4,
	"is_ndc_followup" : "false",
	"NDC" : "70860-0105-21",
	"DrugName" : "xyz",
	"HCPC": "70860-0105-21",
    "Date": "08/29/2017"
}
]