[
    { "id": 1, "ndc_code": "1111", "bvsD_Name": "bvsDName for 1111", "ndc" : "00069-3030-20" ,"reimb_Additional_description" : "Additional description for 1", "effective_date" : "08/20/2017", "terminal_date" : "08/30/2017" ,"is_admin_code":"yes","is_noc_code": "no", "action_code" : "Code Description Change","action_date":"09/10/2017","strength" : "A" , "Strength_UoM" : "uom", "note" : "note 1","user" : "user 1", "date" : "09/10/2017" },
	{ "id": 2, "ndc": "ndc1112", "narratives_name": "bvsDName for 1112", "generic_name" : "Generic00069-3030-21" ,"brand_name" : "brandname  for 2", "effective_date" : "08/20/2017", "terminal_date" : "08/30/2017" ,"is_admin_code":"no","is_noc_code": "yes", "action_code" : "Additional Description Change","action_date":"09/11/2017","strength" : "B" , "Strength_UoM" : "uom", "note" : "note 2","user" : "user 2", "date" : "09/11/2017" },
	{ "id": 3, "ndc": "ndc1113", "narratives_name": "bvsDName for 1113", "generic_name" : "Generic00069-3030-22" ,"brand_name" : "Additional  for 3", "effective_date" : "08/20/2017", "terminal_date" : "08/30/2017" ,"is_admin_code":"yes","is_noc_code": "no", "action_code" : "Delete the code","action_date":"09/12/2017","strength" : "C" , "Strength_UoM" : "uom", "note" : "note 3","user" : "user 3", "date" : "09/12/2017" },
	{ "id": 4, "ndc": "ndc1114", "narratives_name": "bvsDName for 1114", "generic_name" : "Generic00069-3030-23" ,"brand_name" : "Additional  for 4", "effective_date" : "08/20/2017", "terminal_date" : "08/30/2017" ,"is_admin_code":"no","is_noc_code": "yes", "action_code" : "Reactivate the code","action_date":"09/13/2017","strength" : "D" , "Strength_UoM" : "uom", "note" : "note 4","user" : "user 4", "date" : "09/13/2017" }
]