{
"mockRuleFailureUpdate": 
    [
      { "Id" : 0, "description" : "Select" },
      { "Id" : 1, "description" : "Failure Resolved" },
      { "Id" : 2, "description" : "Failure Not resolved" }
    ],
"mockWorkQueue":
    [
      { "Id" : 0, "description" : "Select" },
      { "Id" : 1, "description" : "NDC" },
      { "Id" : 2, "description" : "HCPC" },
      { "Id" : 3, "description" : "Conversion" }
    ],
"mockWorkQueueType" : 
    [
      { "Id" : 0, "description" : "Select" },
      { "Id" : 1, "description" : "Initial Review" },
      { "Id" : 2, "description" : "Second Level Review" }
    ],
"mockUser" : 
    [
      { "Id" : 0, "description" : "Select" },
      { "Id" : 1, "description" : "user 1" },
      { "Id" : 2, "description" : "user 2" },
      { "Id" : 3, "description" : "user 3" },
      { "Id" : 4, "description" : "user 4" }
    ],

"ConversionTranslation":
    [
      { "id": "C", "value": "C" },
      { "id": "T", "value": "T" }
    ],

    "HomeGridDropdown" :
     [
      { "id": "default", "value": "Sort By" },
      { "id": "ImpactedElement", "value": "Impacted Element" },
      { "id": "RuleFailure", "value": "Rule Failure" },
      { "id": "AttributeFailed", "value": "Attribute Failed" },
      { "id": "Status", "value": "Status" },
      { "id": "DateAdded", "value": "Date Added" }
    ],
    "ActionCodeDropDown" : 
    [
       { "id": 0, "value": "Code Description Change" },
       { "id": 1, "value": "Additional Description Change" },
       { "id": 2, "value": "Delete the code" },
       { "id": 3, "value": "Reactivate the code" }     
    ],
    "CTGridDropdown" : 
    [
      { "id": "default", "value": "Sort By" },
      { "id": "data_source_name", "value": "Data Source" },
      { "id": "ds_value", "value": "Source Value" },
      { "id": "rj_value", "value": "RJ Value" },
      { "id": "map_type", "value": "Convert / Translate" },
      { "id": "created_date", "value": "Date" },
      { "id": "user", "value": "user" }
    ],

    "bvsDSortDropdown" : 
    [
      { "id": "default", "value": "Sort By" },
      { "id": "narratives_name", "value": "B vs D Name" },
      { "id": "generic_name", "value": "Generic Name" },
      { "id": "brand_name", "value": "Brand Name" },
      { "id": "strength", "value": "strength" },
      { "id": "route_of_administration", "value": "RoA" },
      { "id": "dosage_form", "value": "DF" },
      { "id": "rx_otc_ind", "value": "Rx/OTC Indicator" }
    ],
    "narativeDropdown":
    [
      { "Id" : 0, "description" : "Select" },
      { "Id" : 1, "description" : "NarativeType1" },
      { "Id" : 2, "description" : "NarativeType2" },
      { "Id" : 3, "description" : "NarativeType3" }
  ],
  "bvsDDropdown":
  [
    { "Id" : 0, "narratives_name" : "Select" },
    { "Id" : 1, "narratives_name" : "BvsDValue1" },
    { "Id" : 2, "narratives_name" : "BvsDValue2" },
    { "Id" : 3, "narratives_name" : "BvsDValue3" }
],
"bvsDStatusDropdown":
[
  { "Id" : 0, "bvsd_status" : "Select" },
  { "Id" : 1, "bvsd_status" : "A" },
  { "Id" : 2, "bvsd_status" : "B" },
  { "Id" : 3, "bvsd_status" : "C" }
],
"dosageFormDropdown":
[
  { "Id" : 0, "dosage_form" : "Select" },
  { "Id" : 1, "dosage_form" : "DosageForm1" },
  { "Id" : 2, "dosage_form" : "DosageForm2" },
  { "Id" : 3, "dosage_form" : "DosageForm3" }
],
"ROADropdown":
[
  { "Id" : 0, "route_of_administration" : "Select" },
  { "Id" : 1, "route_of_administration" : "ROA1" },
  { "Id" : 2, "route_of_administration" : "ROA2" },
  { "Id" : 3, "route_of_administration" : "ROA3" }
],
"rxOTCDropdown":
[
  { "Id" : 0, "rx_otc_ind" : "Select" },
  { "Id" : 1, "rx_otc_ind" : "R" },
  { "Id" : 2, "rx_otc_ind" : "O" }
]
}