[
{
	"AdminCodes" : 	96365,
	"Description" : "Intravenous infusion, for therapy, prophylaxis, or diagnosis (specify substance or drug); initial, up to 1 hour"
},
{
	"AdminCodes" : 	96366,
	"Description" : "Intravenous infusion, for therapy, prophylaxis, or diagnosis (specify substance or drug); each additional hour (List separately in addition to code for primary procedure) (Use 96366 in conjunction with 96365, 96367)"
},
{
	"AdminCodes" : 	96413,
	"Description" : "Chemotherapy administration, intravenous infusion technique; up to 1 hour, single or initial substance/drug"
},
{
	"AdminCodes" : 	96415,
	"Description" : "Chemotherapy administration, intravenous infusion technique; each additional hour (List separately in addition to code for primary procedure) (Use 96415 in conjunction with 96413)"
}
]