
[
  {
    "user_id": 1,
    "user_name": "sudipta",
    "password": "user1",
    "firstName": "f user 1",
    "lastName": "l user 1"

  }//},
    //{
    //	"user_id":2,
    //	"user_name": "neethu",
    //	"password": "user2",
    //	"firstName": "f user 2",
    //	"lastName": "l user 2"
    //},
    //{
    //	"user_id":3,
    //	"user_name": "pramod",
    //	"password": "user3",
    //	"firstName": "f user 3",
    //	"lastName": "l user 3"
    //},
    //{
    //	"user_id":4,
    //	"user_name": "ajith",
    //	"password": "user4",
    //	"firstName": "f user 4",
    //	"lastName": "l user 4"
    //},
    //{
    //	"user_id":5,
    //	"user_name": "rakesh",
    //	"password": "user5",
    //	"firstName": "f user 5",
    //	"lastName": "l user 5"

    //  },
    //{
    //	"user_id":6,
    //	"user_name": "smeetha",
    //	"password": "user6",
    //	"firstName": "f user 6",
    //	"lastName": "l user 6"
    //}
]
