{
"mockRuleFailureUpdate": 
    [
      { "Id" : 0, "description" : "Select" },
      { "Id" : 1, "description" : "Failure Resolved" },
      { "Id" : 2, "description" : "Failure Not resolved" }
    ],
"mockWorkQueue":
    [
      { "Id" : 0, "description" : "Select" },
      { "Id" : 1, "description" : "NDC" },
      { "Id" : 2, "description" : "HCPC" },
      { "Id" : 3, "description" : "Conversion" }
    ],
"mockWorkQueueType" : 
    [
      { "Id" : 0, "description" : "Select" },
      { "Id" : 1, "description" : "Initial Review" },
      { "Id" : 2, "description" : "Second Level Review" }
    ],
"mockUser" : 
    [
      { "Id" : 0, "description" : "Select" },
      { "Id" : 1, "description" : "user 1" },
      { "Id" : 2, "description" : "user 2" },
      { "Id" : 3, "description" : "user 3" },
      { "Id" : 4, "description" : "user 4" }
    ],

"ConversionTranslation":
    [
      { "id": "C", "value": "C" },
      { "id": "T", "value": "T" }
    ],

    "HomeGridDropdown" :
     [
      { "id": "SortBy", "value": "Sort By" },
      { "id": "ImpactedElement", "value": "Impacted Element" },
      { "id": "RuleFailure", "value": "Rule Failure" },
      { "id": "AttributeFailed", "value": "Attribute Failed" },
      { "id": "Status", "value": "Status" },
      { "id": "DateAdded", "value": "Date Added" }
    ],
<<<<<<< HEAD
    "ActionCodeDropDown" : 
    [
       { "id": 0, "value": "Code Description Change" },
       { "id": 1, "value": "Additional Description Change" },
       { "id": 2, "value": "Delete the code" },
       { "id": 3, "value": "Reactivate the code" }     
=======

    "CTGridDropdown" : 
    [
      { "id": "data_source_name", "value": "Data Source" },
      { "id": "ds_value", "value": "Source Value" },
      { "id": "rj_value", "value": "RJ Value" },
      { "id": "map_type", "value": "Convert / Translate" },
      { "id": "created_date", "value": "Date" },
      { "id": "user", "value": "user" }
>>>>>>> 4dd6c7c1b8b731c1eb831da70a217eedc8cb7210
    ]

}