[
    { "id": 1, "reimb_code": "1111", "reimb_code_description": "Description for 1111", "ndc" : "00069-3030-20" ,"reimb_Additional_description" : "Additional description for 1", "effective_date" : "08/20/2017", "terminal_date" : "08/30/2017" ,"is_admin_code":"y","is_noc_code": "n", "action_code" : "1","action_date":"09/10/2017","strength" : "A" , "Strength_UoM" : "uom", "note" : "note 1","user" : "user 1", "date" : "09/10/2017" },
	{ "id": 2, "reimb_code": "1112", "reimb_code_description": "Description for 1112", "ndc" : "00069-3030-21" ,"reimb_Additional_description" : "Additional description for 2", "effective_date" : "08/20/2017", "terminal_date" : "08/30/2017" ,"is_admin_code":"n","is_noc_code": "y", "action_code" : "2","action_date":"09/11/2017","strength" : "B" , "Strength_UoM" : "uom", "note" : "note 2","user" : "user 2", "date" : "09/11/2017" },
	{ "id": 3, "reimb_code": "1113", "reimb_code_description": "Description for 1113", "ndc" : "00069-3030-22" ,"reimb_Additional_description" : "Additional description for 3", "effective_date" : "08/20/2017", "terminal_date" : "08/30/2017" ,"is_admin_code":"y","is_noc_code": "n", "action_code" : "3","action_date":"09/12/2017","strength" : "C" , "Strength_UoM" : "uom", "note" : "note 3","user" : "user 3", "date" : "09/12/2017" },
	{ "id": 4, "reimb_code": "1114", "reimb_code_description": "Description for 1114", "ndc" : "00069-3030-23" ,"reimb_Additional_description" : "Additional description for 4", "effective_date" : "08/20/2017", "terminal_date" : "08/30/2017" ,"is_admin_code":"n","is_noc_code": "y", "action_code" : "4","action_date":"09/13/2017","strength" : "D" , "Strength_UoM" : "uom", "note" : "note 4","user" : "user 4", "date" : "09/13/2017" }
]