{
"mockRuleFailureUpdate": 
    [
      { "Id" : 0, "description" : "Select" },
      { "Id" : 1, "description" : "Failure Resolved" },
      { "Id" : 2, "description" : "Failure Not resolved" }
    ],
"mockWorkQueue":
    [
      { "Id" : 0, "description" : "Select" },
      { "Id" : 1, "description" : "NDC" },
      { "Id" : 2, "description" : "HCPC" },
      { "Id" : 3, "description" : "Conversion" }
    ],
"mockWorkQueueType" : 
    [
      { "Id" : 0, "description" : "Select" },
      { "Id" : 1, "description" : "Initial Review" },
      { "Id" : 2, "description" : "Second Level Review" }
    ],
"mockUser" : 
    [
      { "Id" : 1, "description" : "user 1" },
      { "Id" : 2, "description" : "user 2" },
      { "Id" : 3, "description" : "user 3" },
      { "Id" : 4, "description" : "user 4" }
    ],

"ConversionTranslation":
    [
      { "id": "C", "value": "C" },
      { "id": "T", "value": "T" }
    ],
  "CalcPriceDropDown" :
    [
      { "id": "Y", "value": "Y" },
      { "id": "N", "value": "N" }
    ],
    "ActionCodeDropDown" : 
    [
       { "id": 0, "value": "Code Description Change" },
       { "id": 1, "value": "Additional Description Change" },
       { "id": 2, "value": "Delete the code" },
       { "id": 3, "value": "Reactivate the code" }     
    ],
      "HomeGridDropdown" :
     [
      { "id": "Date_Added", "value": "Sort By" },
      { "id": "Impacted_Element", "value": "Impacted Element" },
      { "id": "Work_Queue_Type", "value": "Work Queue Type" },
      { "id": "Rule_Failure", "value": "Rule Failure" },
      { "id": "Attribute_Failed", "value": "Attribute Failed" },
      { "id": "Status", "value": "Status" },
      { "id": "Date_Added", "value": "Date Added" }
    ],
    "CTGridDropdown" : 
    [
      { "id": "default", "value": "Sort By" },
      { "id": "data_source_name", "value": "Data Source" },
      { "id": "ds_value", "value": "Source Value" },
      { "id": "rj_value", "value": "RJ Value" },
      { "id": "map_type", "value": "Conversion / Translation Indicator" },
      { "id": "created_date", "value": "Date" },
      { "id": "user", "value": "User" }
    ],

    "bvsDSortDropdown" : 
    [
      { "id": "default", "value": "Sort By" },
      { "id": "narratives_name", "value": "B vs D Name" },
      { "id": "generic_name", "value": "Generic Name" },
      { "id": "brand_name", "value": "Brand Name" },
      { "id": "strength", "value": "strength" },
      { "id": "route_of_administration", "value": "RoA" },
      { "id": "dosage_form", "value": "DF" },
      { "id": "rx_otc_ind", "value": "Rx/OTC Indicator" }
    ],
    "narativeDropdown":
    [
      { "Id" : 0, "description" : "Select" },
      { "Id" : 1, "description" : "NarativeType1" },
      { "Id" : 2, "description" : "NarativeType2" },
      { "Id" : 3, "description" : "NarativeType3" }
  ],
  "bvsDDropdown":
  [
    { "Id" : 0, "narratives_name" : "Select" },
    { "Id" : 1, "narratives_name" : "BvsDValue1" },
    { "Id" : 2, "narratives_name" : "BvsDValue2" },
    { "Id" : 3, "narratives_name" : "BvsDValue3" }
  ],
  "dosageFormDropdown":
  [
    { "Id" : 0, "dosage_form" : "Select" },
    { "Id" : 1, "dosage_form" : "DosageForm1" },
    { "Id" : 2, "dosage_form" : "DosageForm2" },
    { "Id" : 3, "dosage_form" : "DosageForm3" }
  ],
  "ROADropdown":
  [
    { "Id" : 0, "route_of_administration" : "Select" },
    { "Id" : 1, "route_of_administration" : "ROA1" },
    { "Id" : 2, "route_of_administration" : "ROA2" },
    { "Id" : 3, "route_of_administration" : "ROA3" }
  ],
  "rxOTCDropdown":
  [
    { "Id" : 0, "rx_otc_ind" : "Select" },
    { "Id" : 1, "rx_otc_ind" : "rxOTC1" },
    { "Id" : 2, "rx_otc_ind" : "rxOTC2" },
    { "Id" : 3, "rx_otc_ind" : "rxOTC3" }
  ],
  "HcpcNdcSortDropdown" : 
    [
      { "id": "default", "value": "Sort By" },
      { "id": "generic_name", "value": "Generic Name" },
      { "id": "brand_name", "value": "Brand Name" },
      { "id": "strength", "value": "Strength" },
      { "id": "dosage_form", "value": "Dosage Form" },
      { "id": "route_of_administration", "value": "Route Of Administration" },
      { "id": "rx_otc_ind", "value": "RX OTC Indication" },
      { "id": "calc_price", "value": "Calc Price" },
      { "id": "billable_unit", "value": "Billable Unit" }
    ],
    "HcpcNdcReasonCode" :
    [
      { "id": "0", "value": "Reason Code" },
      { "id": "1", "value": "Manufacturer price increase/decrease" },
      { "id": "2", "value": "Inactivation of NDCs" },
      { "id": "3", "value": "Re-Activation of NDCs" },
      { "id": "4", "value": "New NDCs Entering Market" },
      { "id": "5", "value": "New Generic NDCs Entering Market" },
      { "id": "6", "value": "Multiple Brand Names" }
    ]
}