[
    { "id": 1, "hcpc": "1111", "hcpc_desc": "description for 1111", "ndc": "1" },
	{ "id": 2, "hcpc": "1112", "hcpc_desc": "description for 1112", "ndc": "2" },
	{ "id": 3, "hcpc": "1113", "hcpc_desc": "description for 1113", "ndc": "3" },
	{ "id": 4, "hcpc": "1114", "hcpc_desc": "description for 1114" ,"ndc": "4" },
	{ "id": 5, "hcpc": "1115", "hcpc_desc": "description for 1115" ,"ndc": "5" },
	{ "id": 6, "hcpc": "1116", "hcpc_desc": "description for 1116" ,"ndc": "6" },
	{ "id": 7, "hcpc": "1117", "hcpc_desc": "description for 1117", "ndc": "7"}
]