{"Result" : 
[
    { "id": 1, "is_selected":  false , "admin_code": "96365", "admin_code_description": "Intravenous infusion, for therapy, prophylaxis, or diagnosis (specify substance or drug); initial, up to 1 hour" },
    { "id": 2, "is_selected":  false , "admin_code": "96366", "admin_code_description": "Intravenous infusion, for therapy, prophylaxis, or diagnosis (specify substance or drug);" },
    { "id": 3, "is_selected":  false , "admin_code": "96413", "admin_code_description": "Chemotherapy administration, intravenous infusion technique; up to 1 hour, single or initial substance/drug" },
    { "id": 4, "is_selected":  false , "admin_code": "96415", "admin_code_description": "Chemotherapy administration, intravenous infusion technique; each additional hour " }
]
}