{
"bvsdDataList":
[
    {
        "part_bvsd_id" : 1,
        "narratives_name" : "MABSDName1",
        "generic_name" : "70860-0105-20",
        "brand_name" : "brand name",
        "strength": "70860-0105-20",
        "dosage_form":"doageForm",
        "route_of_administration":"ROA",
        "rx_otc_ind":"rx_otc_ind",
        "created_date": "08/20/2017",
        "created_by":"sudipta ghosh"
    },
    {
        "part_bvsd_id" : 2,
        "narratives_name" : "BSDName2",
        "generic_name" : "70860-0105-20",
        "brand_name" : "brand name",
        "strength": "70860-0105-20",
        "dosage_form":"doageForm",
        "route_of_administration":"ROA",
        "rx_otc_ind":"rx_otc_ind",
        "created_date": "08/21/2017",
        "created_by":"Sayali Chaudhuri"
    },
    {
        "part_bvsd_id" : 3,
        "narratives_name" : "CBSDName3",
        "generic_name" : "70860-0105-20",
        "brand_name" : "brand name",
        "strength": "70860-0105-20",
        "dosage_form":"doageForm",
        "route_of_administration":"ROA",
        "rx_otc_ind":"rx_otc_ind",
        "created_date": "08/22/2017",
        "created_by":"Kayal Kayal"
    }    
],

"ndcDetails":
[
    {
        "NDC":"NDC",
        "description":"description",
        "generic_name" : "70860-0105-20",
        "brand_name" : "brand name",
        "strength": "70860-0105-20",
        "dosage_form":"doageForm",
        "route_of_administration":"ROA",
        "rx_otc_ind":"rx_otc_ind"           
    },
    {
        "NDC":"NDC",
        "description":"description",
        "generic_name" : "70860-0105-20",
        "brand_name" : "brand name",
        "strength": "70860-0105-20",
        "dosage_form":"doageForm",
        "route_of_administration":"ROA",
        "rx_otc_ind":"rx_otc_ind"         
    },  
    {
        "NDC":"NDC",
        "description":"description",
        "generic_name" : "70860-0105-20",
        "brand_name" : "brand name",
        "strength": "70860-0105-20",
        "dosage_form":"doageForm",
        "route_of_administration":"ROA",
        "rx_otc_ind":"rx_otc_ind"         
    }   
]
}




















