[
    { "SDDL_ID": 1, "NDC": "00069-3030-20", "NDC_Delimiter": "Description of 00069-3030-20" },
    { "SDDL_ID": 2, "NDC": "00069-3031-20", "NDC_Delimiter": "Description of 00069-3031-20" },
    { "SDDL_ID": 3, "NDC": "00069-3032-20", "NDC_Delimiter": "Description of 00069-3032-20" },
    { "SDDL_ID": 4, "NDC": "00069-3033-20", "NDC_Delimiter": "Description of 00069-3033-20" },
    { "SDDL_ID": 5, "NDC": "00069-3034-20", "NDC_Delimiter": "Description of 00069-3034-20" },
    { "SDDL_ID": 6, "NDC": "00069-4004-05", "NDC_Delimiter": "Description of 00069-4004-05" },
    { "SDDL_ID": 7, "NDC": "00069-4015-10", "NDC_Delimiter": "Description of 00069-4015-10" },
    { "SDDL_ID": 9, "NDC": "00069-4026-25", "NDC_Delimiter": "Description of 00069-4026-25" }
]