[
    { "id": 1, "price_spec_name": "price spec 1","price_spec_upload ":"upload 1", "price_spec_note": "Note for price spec 1" },
	{ "id": 2, "price_spec_name": "price spec 2","price_spec_upload ":"upload 2", "price_spec_note": "Note for price spec 2" },
	{ "id": 3, "price_spec_name": "price spec 3","price_spec_upload ":"upload 3", "price_spec_note": "Note for price spec 3" },
	{ "id": 4, "price_spec_name": "price spec 4","price_spec_upload ":"upload 4", "price_spec_note": "Note for price spec 4" },
	{ "id": 5, "price_spec_name": "price spec 5","price_spec_upload ":"upload 5", "price_spec_note": "Note for price spec 5" },
	{ "id": 6, "price_spec_name": "price spec 6","price_spec_upload ":"upload 6", "price_spec_note": "Note for price spec 6" },
	{ "id": 7, "price_spec_name": "price spec 7","price_spec_upload ":"upload 7", "price_spec_note": "Note for price spec 7" }
]