
[
	{
		"user_id":1,
		"user_name": "user 1",
		"password": "user1",
		"firstName": "f user 1",
		"lastName": "l user 1",
		"roles": ["L1"]
	},
	{
		"user_id":2,
		"user_name": "user 2",
		"password": "user2",
		"firstName": "f user 2",
		"lastName": "l user 2",
		"roles": ["L2"]
	},
	{
		"user_id":3,
		"user_name": "user 3",
		"password": "user3",
		"firstName": "f user 3",
		"lastName": "l user 3",
		"roles": ["A"]
	},
	{
		"user_id":4,
		"user_name": "user 4",
		"password": "user4",
		"firstName": "f user 4",
		"lastName": "l user 4",
		"roles": ["L1"]
	},
	{
		"user_id":5,
		"user_name": "user 5",
		"password": "user5",
		"firstName": "f user 5",
		"lastName": "l user 5",
		"roles": ["L2"]
	},
	{
		"user_id":6,
		"user_name": "user 6",
		"password": "user6",
		"firstName": "f user 6",
		"lastName": "l user 6",
		"roles": ["L1"]
	}
]